id,positiveeffects1,positiveeffects2,positiveeffects3,positiveeffects4,positiveeffects5
1,Relaxed,Hungry,Happy,Sleepy,
2,Euphoric,Happy,Creative,Energetic,Talkative
3,Relaxed,Hungry,Euphoric,Uplifted,Tingly
4,Relaxed,Happy,Creative,Uplifted,Sleepy
5,Relaxed,Euphoric,Happy,Energetic,Uplifted
6,Euphoric,Happy,Creative,Uplifted,Focused
8,Relaxed,Euphoric,Happy,Energetic,Focused
9,Relaxed,Euphoric,Creative,Tingly,Focused
10,Euphoric,Happy,Creative,Energetic,Uplifted
11,Relaxed,Euphoric,Happy,Energetic,Uplifted
12,Relaxed,Hungry,Euphoric,Happy,Focused
13,Relaxed,Hungry,Uplifted,Tingly,Sleepy
14,Relaxed,Euphoric,Happy,Creative,Giggly
15,Relaxed,Euphoric,Happy,Uplifted,Focused
16,Relaxed,Happy,Creative,Focused,
17,Hungry,Euphoric,Creative,Aroused,
18,Euphoric,Happy,Creative,Energetic,Giggly
19,Relaxed,Euphoric,Sleepy,Focused,Giggly
20,Relaxed,Euphoric,Happy,Uplifted,Sleepy
21,Relaxed,Euphoric,Happy,Uplifted,Focused
22,Relaxed,Euphoric,Happy,Uplifted,
23,Euphoric,Happy,Creative,Energetic,Talkative
24,Relaxed,Euphoric,Uplifted,Sleepy,Giggly
25,Relaxed,Euphoric,Happy,Uplifted,Focused
26,Relaxed,Euphoric,Happy,Creative,Uplifted
27,Relaxed,Hungry,Euphoric,Happy,Creative
28,Relaxed,Euphoric,Happy,Uplifted,Sleepy
29,Relaxed,Euphoric,Happy,Creative,Uplifted
30,Euphoric,Happy,Creative,Uplifted,
31,Relaxed,Happy,Uplifted,Giggly,
32,Relaxed,Happy,Tingly,Focused,
33,Euphoric,Happy,Creative,Energetic,Uplifted
34,Relaxed,Happy,Sleepy,,
35,Relaxed,Happy,Creative,Energetic,Uplifted
36,Relaxed,Happy,Creative,Energetic,Uplifted
37,Relaxed,Euphoric,Happy,Energetic,Giggly
38,Relaxed,Happy,Energetic,Uplifted,Focused
40,Happy,Creative,Energetic,Uplifted,Focused
41,Relaxed,Hungry,Euphoric,Happy,Creative
42,Euphoric,Creative,Energetic,Uplifted,Aroused
43,Relaxed,Euphoric,Happy,Creative,Uplifted
44,Relaxed,Hungry,Euphoric,Happy,Tingly
45,Relaxed,Euphoric,Happy,Creative,Focused
46,Relaxed,Happy,Tingly,Sleepy,
47,Relaxed,Euphoric,Creative,Focused,Aroused
50,Relaxed,Euphoric,Happy,Energetic,Uplifted
52,Euphoric,Happy,Creative,Energetic,Uplifted
53,Relaxed,Creative,Energetic,Sleepy,Aroused
54,Relaxed,Hungry,Euphoric,Happy,Sleepy
55,Relaxed,Hungry,Euphoric,Happy,Sleepy
56,Relaxed,Euphoric,Happy,Sleepy,
57,Relaxed,Euphoric,Happy,Uplifted,Sleepy
58,Relaxed,Euphoric,Happy,Sleepy,Aroused
59,Relaxed,Euphoric,Happy,Creative,Giggly
60,Relaxed,Euphoric,Happy,Uplifted,
61,Relaxed,Euphoric,Happy,Energetic,Giggly
62,Relaxed,Hungry,Euphoric,Happy,Creative
63,Euphoric,Happy,Creative,Energetic,Focused
64,Euphoric,Happy,Creative,Talkative,Uplifted
65,Relaxed,Euphoric,Happy,Tingly,
66,Relaxed,Sleepy,Focused,,
68,Relaxed,Hungry,Euphoric,Creative,Energetic
69,Relaxed,Happy,Creative,Energetic,Focused
70,Relaxed,Happy,Talkative,Uplifted,Giggly
71,Relaxed,Happy,Energetic,Uplifted,Focused
72,Relaxed,Happy,Energetic,Uplifted,
73,Relaxed,Happy,Energetic,Uplifted,Focused
74,Relaxed,Euphoric,Happy,Talkative,Uplifted
75,Relaxed,Euphoric,Sleepy,Aroused,
76,Relaxed,Euphoric,Happy,Uplifted,Sleepy
77,Relaxed,Hungry,Euphoric,Happy,Talkative
78,Relaxed,Hungry,Happy,Talkative,Focused
79,Happy,Creative,Energetic,Tingly,Focused
80,Relaxed,Happy,Talkative,Uplifted,
81,Relaxed,Euphoric,Creative,Uplifted,Tingly
82,Relaxed,Happy,Energetic,Uplifted,
83,Relaxed,Hungry,Euphoric,Happy,Uplifted
84,Relaxed,Hungry,Happy,Creative,Focused
85,Relaxed,Happy,Energetic,Talkative,Uplifted
86,Relaxed,Euphoric,Happy,Sleepy,Aroused
87,Hungry,Uplifted,Tingly,Giggly,Aroused
88,Relaxed,Happy,Creative,Energetic,Focused
89,Relaxed,Euphoric,Happy,Uplifted,Aroused
90,Relaxed,Hungry,Happy,Uplifted,
91,Relaxed,Euphoric,Energetic,Focused,
92,Relaxed,Hungry,Euphoric,Happy,Sleepy
93,Relaxed,Happy,Uplifted,Sleepy,Giggly
94,Relaxed,Euphoric,Happy,Uplifted,Giggly
95,Relaxed,Euphoric,Happy,Uplifted,Sleepy
96,Euphoric,Happy,Creative,Uplifted,Aroused
97,Relaxed,Happy,Creative,Uplifted,Sleepy
98,Relaxed,Hungry,Happy,Creative,Uplifted
99,Euphoric,Happy,Creative,Uplifted,Giggly
100,Relaxed,Hungry,Euphoric,Happy,Giggly
101,Relaxed,Happy,Energetic,Talkative,
102,Relaxed,Euphoric,Happy,Creative,Uplifted
103,Relaxed,Euphoric,Happy,Uplifted,Tingly
104,Relaxed,Happy,Creative,Uplifted,Focused
105,Relaxed,Euphoric,Happy,Uplifted,Sleepy
106,Relaxed,Euphoric,Happy,Creative,Uplifted
107,Relaxed,Hungry,Happy,Uplifted,Focused
108,Relaxed,Euphoric,Happy,Creative,Tingly
109,Euphoric,Creative,Energetic,Focused,Giggly
110,Relaxed,Hungry,Euphoric,Happy,Sleepy
112,Relaxed,Happy,Creative,Sleepy,Giggly
113,Relaxed,Happy,Creative,Energetic,Uplifted
114,Relaxed,Hungry,Euphoric,Happy,Focused
115,Relaxed,Euphoric,Happy,Uplifted,Sleepy
116,Relaxed,Euphoric,Happy,Uplifted,Giggly
117,Relaxed,Euphoric,Happy,Energetic,Giggly
118,Relaxed,Hungry,Happy,Tingly,Sleepy
119,Relaxed,Happy,Creative,Energetic,Uplifted
120,Relaxed,Hungry,Sleepy,,
121,Euphoric,Happy,Uplifted,Sleepy,Giggly
122,Happy,Creative,Energetic,Uplifted,
123,Relaxed,Hungry,Euphoric,Happy,Creative
124,Relaxed,Hungry,Euphoric,Sleepy,Focused
125,Relaxed,Euphoric,Happy,Creative,Sleepy
126,Relaxed,Euphoric,Happy,Creative,Uplifted
128,Euphoric,Creative,Energetic,Uplifted,Focused
129,Relaxed,Happy,Creative,Energetic,Uplifted
130,Relaxed,Hungry,Tingly,Sleepy,
135,Relaxed,Creative,Tingly,Aroused,
138,Happy,Talkative,,,
143,Relaxed,Happy,Uplifted,Tingly,Focused
145,Relaxed,Happy,Sleepy,,
147,Relaxed,Euphoric,Happy,Aroused,
148,,,,,
150,Relaxed,Focused,,,
151,Relaxed,Happy,Energetic,Uplifted,
152,,,,,
156,Euphoric,Happy,Energetic,Uplifted,Giggly
159,Euphoric,Happy,Creative,Uplifted,
161,Relaxed,Hungry,Happy,Uplifted,Giggly
162,Relaxed,Hungry,Uplifted,Focused,
166,Relaxed,Euphoric,Creative,Tingly,Focused
167,Relaxed,Euphoric,Happy,Energetic,Aroused
168,Euphoric,Focused,Giggly,,
170,Relaxed,Happy,Sleepy,Focused,Giggly
171,Relaxed,Hungry,Uplifted,Sleepy,Giggly
175,Hungry,Euphoric,Happy,,
177,Happy,Energetic,Uplifted,Tingly,Aroused
178,Relaxed,Euphoric,Uplifted,Tingly,Focused
180,Relaxed,Hungry,Euphoric,Happy,Energetic
181,Relaxed,Euphoric,Creative,Uplifted,
183,Hungry,Euphoric,Happy,Creative,Energetic
184,Relaxed,Uplifted,,,
187,Relaxed,Happy,Tingly,Sleepy,Giggly
189,Happy,Energetic,Talkative,Uplifted,
190,Relaxed,Hungry,Creative,Uplifted,
192,Relaxed,Euphoric,Happy,Uplifted,Sleepy
193,Relaxed,Euphoric,Focused,,
194,Relaxed,Hungry,Happy,Creative,Uplifted
196,Relaxed,Euphoric,Happy,Tingly,Giggly
198,Relaxed,Euphoric,Happy,Creative,Uplifted
200,Euphoric,Aroused,,,
202,Relaxed,Euphoric,Happy,Uplifted,Tingly
203,Relaxed,Euphoric,Happy,Uplifted,Focused
205,Relaxed,Happy,Creative,Focused,Giggly
206,Euphoric,Creative,Energetic,Uplifted,Giggly
211,Relaxed,Euphoric,Happy,Tingly,Giggly
212,Relaxed,Hungry,Euphoric,Happy,Uplifted
221,Hungry,Euphoric,Happy,,
222,Relaxed,Happy,Energetic,Uplifted,Aroused
223,Relaxed,Euphoric,Happy,Uplifted,
224,Hungry,Euphoric,Happy,Uplifted,Focused
225,Hungry,Creative,Energetic,Focused,
226,Euphoric,Happy,Energetic,Aroused,
227,Euphoric,Creative,Energetic,Uplifted,
232,Happy,Uplifted,Tingly,Focused,
234,Relaxed,Euphoric,Happy,,
236,Relaxed,Euphoric,Happy,Creative,
237,Happy,Creative,Energetic,Talkative,Aroused
239,Relaxed,Energetic,Uplifted,Focused,
240,Relaxed,Uplifted,Focused,,
241,Relaxed,Creative,Sleepy,Aroused,
242,Euphoric,Creative,Energetic,Uplifted,Focused
243,Relaxed,Hungry,Euphoric,Happy,Giggly
244,Relaxed,Euphoric,Happy,Sleepy,
245,Relaxed,Hungry,Euphoric,Happy,Sleepy
246,Relaxed,Euphoric,Happy,Uplifted,Sleepy
247,Euphoric,Happy,Talkative,Uplifted,
248,Relaxed,Euphoric,Happy,Uplifted,Sleepy
249,Relaxed,Creative,Aroused,,
250,Hungry,Creative,Energetic,Talkative,Uplifted
251,Relaxed,Creative,Uplifted,Tingly,
252,Happy,Creative,Tingly,Giggly,Aroused
253,Relaxed,Happy,Creative,Uplifted,Focused
254,Relaxed,Uplifted,Sleepy,,
255,Relaxed,Euphoric,Happy,Uplifted,Sleepy
256,Relaxed,Euphoric,Energetic,Focused,Aroused
257,Relaxed,Euphoric,Happy,Energetic,Uplifted
258,Relaxed,Euphoric,Happy,Uplifted,Sleepy
259,Relaxed,Hungry,Euphoric,Sleepy,Aroused
261,Relaxed,Euphoric,Happy,Uplifted,Giggly
262,Relaxed,Hungry,Happy,Sleepy,
263,Relaxed,Hungry,Euphoric,Sleepy,
264,Euphoric,Happy,Energetic,Talkative,Uplifted
265,Relaxed,Euphoric,Happy,Tingly,Sleepy
266,Relaxed,Euphoric,Happy,Creative,Uplifted
267,Relaxed,Euphoric,Happy,Uplifted,Sleepy
268,Relaxed,Euphoric,Happy,Creative,Uplifted
269,Relaxed,Euphoric,Happy,Uplifted,Focused
270,Relaxed,Happy,Sleepy,Focused,
271,Relaxed,Hungry,Euphoric,Happy,Uplifted
272,Relaxed,Euphoric,Happy,Creative,Uplifted
273,Relaxed,Euphoric,Happy,Uplifted,Sleepy
274,Relaxed,Euphoric,Happy,Uplifted,Focused
275,Relaxed,Hungry,Happy,Sleepy,
276,Relaxed,Euphoric,Happy,Creative,Uplifted
277,Relaxed,Euphoric,Happy,Uplifted,Sleepy
278,Relaxed,Euphoric,Happy,Uplifted,Tingly
279,Relaxed,Euphoric,Happy,Uplifted,
280,Relaxed,Hungry,Euphoric,Happy,Sleepy
281,Relaxed,Euphoric,Happy,Uplifted,Sleepy
282,Relaxed,Euphoric,Happy,Uplifted,Sleepy
283,Relaxed,Euphoric,Happy,Uplifted,Sleepy
284,Relaxed,Hungry,Happy,Sleepy,Giggly
285,Relaxed,Euphoric,Happy,Uplifted,Focused
286,Relaxed,Euphoric,Happy,Uplifted,Sleepy
287,Relaxed,Euphoric,Happy,Uplifted,Sleepy
288,Relaxed,Euphoric,Happy,Uplifted,Tingly
289,Relaxed,Euphoric,Happy,Uplifted,Sleepy
290,Relaxed,Hungry,Happy,Talkative,Sleepy
291,Relaxed,Creative,Energetic,Uplifted,Giggly
293,Euphoric,Happy,Energetic,Uplifted,Sleepy
294,Relaxed,Hungry,Happy,Uplifted,Tingly
295,Relaxed,Hungry,Euphoric,Happy,Sleepy
296,Relaxed,Euphoric,Happy,Talkative,Uplifted
297,Relaxed,Hungry,Euphoric,Happy,Creative
298,Relaxed,Hungry,Happy,Creative,
299,Relaxed,Euphoric,Happy,Energetic,Uplifted
300,Relaxed,Euphoric,Happy,Uplifted,Sleepy
301,Relaxed,Hungry,Euphoric,Happy,Sleepy
302,Euphoric,Creative,Energetic,Uplifted,Focused
303,Relaxed,Euphoric,Happy,Creative,Talkative
304,Relaxed,Euphoric,Creative,,
305,Relaxed,Hungry,Euphoric,Happy,Sleepy
306,Relaxed,Euphoric,Happy,Creative,Focused
307,Relaxed,Hungry,Happy,Talkative,Focused
308,Relaxed,Euphoric,Happy,Uplifted,Sleepy
309,Relaxed,Happy,Creative,Uplifted,Focused
310,Relaxed,Euphoric,Happy,Uplifted,Sleepy
311,Relaxed,Hungry,Euphoric,Sleepy,
312,Euphoric,Happy,Creative,Uplifted,Sleepy
313,Hungry,Happy,Creative,Uplifted,Giggly
314,Relaxed,Euphoric,Happy,Creative,Sleepy
315,Happy,Creative,Talkative,Uplifted,Giggly
316,Relaxed,Happy,Creative,,
317,Euphoric,Happy,Creative,Energetic,Uplifted
318,Relaxed,Euphoric,Happy,Uplifted,Sleepy
319,Happy,Creative,Energetic,Uplifted,Focused
320,Relaxed,Euphoric,Happy,Creative,Uplifted
321,Relaxed,Happy,Energetic,Talkative,Focused
322,Relaxed,Euphoric,Happy,Uplifted,Sleepy
323,Relaxed,Euphoric,Happy,Creative,Uplifted
324,Relaxed,Happy,Energetic,Uplifted,Focused
325,Relaxed,Euphoric,Happy,Uplifted,Tingly
326,Relaxed,Euphoric,Happy,Creative,Uplifted
327,Relaxed,Euphoric,Happy,Sleepy,
328,Relaxed,Euphoric,Happy,Talkative,Uplifted
329,Relaxed,Euphoric,Happy,Uplifted,
330,Relaxed,Euphoric,Happy,Tingly,Sleepy
331,Relaxed,Euphoric,Happy,Creative,Uplifted
332,Relaxed,Hungry,Happy,Tingly,Sleepy
333,Relaxed,Euphoric,Happy,Energetic,Uplifted
334,Relaxed,Euphoric,Happy,Uplifted,Sleepy
335,Relaxed,Happy,Talkative,Uplifted,Giggly
336,Relaxed,Hungry,Focused,,
337,Relaxed,Euphoric,Uplifted,Sleepy,Focused
338,Relaxed,Euphoric,Creative,Talkative,Focused
339,Relaxed,Happy,Uplifted,Sleepy,Focused
340,Relaxed,Hungry,Euphoric,Sleepy,
341,Relaxed,Euphoric,Happy,Uplifted,Aroused
342,Relaxed,Euphoric,Happy,Uplifted,Giggly
343,Relaxed,Euphoric,Energetic,Uplifted,Focused
344,Relaxed,Euphoric,Happy,Uplifted,
345,Relaxed,Hungry,Happy,Talkative,
346,Relaxed,Happy,Giggly,,
347,Relaxed,Euphoric,Happy,,
348,Relaxed,Euphoric,Happy,Creative,Giggly
349,Relaxed,Happy,Energetic,Uplifted,Sleepy
350,Relaxed,Euphoric,Creative,Talkative,Uplifted
352,Relaxed,Euphoric,Happy,Creative,Sleepy
353,Relaxed,Euphoric,Sleepy,Giggly,
354,Relaxed,Hungry,Euphoric,Happy,Tingly
355,Relaxed,Hungry,Euphoric,Happy,Sleepy
356,Relaxed,Euphoric,Happy,Uplifted,Sleepy
357,Euphoric,Happy,Creative,Energetic,Focused
358,Relaxed,Happy,Creative,Uplifted,Giggly
359,Relaxed,Euphoric,Creative,Uplifted,
360,Relaxed,Happy,Creative,Energetic,Talkative
361,Relaxed,Hungry,Euphoric,Happy,Tingly
363,Relaxed,Hungry,Creative,Uplifted,Focused
364,Relaxed,Hungry,Happy,Uplifted,Giggly
365,Relaxed,Hungry,Euphoric,Happy,Uplifted
366,Relaxed,Hungry,Euphoric,Happy,Uplifted
367,Relaxed,Euphoric,Happy,Uplifted,Focused
368,Creative,Energetic,Talkative,,
369,Relaxed,Hungry,Euphoric,Talkative,Aroused
370,Relaxed,Euphoric,Happy,Uplifted,Sleepy
371,Relaxed,Hungry,Euphoric,Happy,Aroused
372,Euphoric,Happy,Energetic,Uplifted,
373,Relaxed,Euphoric,Happy,Creative,Uplifted
374,Relaxed,Euphoric,Happy,Creative,Uplifted
375,Relaxed,Happy,Creative,Uplifted,Focused
376,Relaxed,Euphoric,Happy,Uplifted,
377,Relaxed,Euphoric,Happy,Energetic,Uplifted
378,Relaxed,Euphoric,Happy,Uplifted,Giggly
379,Happy,Talkative,Uplifted,Tingly,Giggly
380,Relaxed,Hungry,Euphoric,Happy,Sleepy
381,Relaxed,Hungry,Euphoric,Happy,Uplifted
382,Relaxed,Euphoric,Happy,Uplifted,Focused
383,Relaxed,Hungry,Happy,Sleepy,Giggly
384,Relaxed,Hungry,Euphoric,Happy,Focused
385,Relaxed,Euphoric,Happy,Energetic,Uplifted
386,Relaxed,Happy,Energetic,,
387,Relaxed,Euphoric,Happy,Uplifted,Giggly
388,Euphoric,Happy,Talkative,Uplifted,Giggly
389,Relaxed,Hungry,Euphoric,Happy,Uplifted
390,Hungry,Happy,Talkative,Focused,
392,Relaxed,Hungry,Euphoric,Happy,Uplifted
393,Euphoric,Happy,Energetic,Focused,Giggly
394,Hungry,Happy,Creative,,
395,Relaxed,Happy,Creative,Energetic,Uplifted
396,Happy,Talkative,Uplifted,Sleepy,Giggly
397,Relaxed,Hungry,Happy,Sleepy,Giggly
398,Relaxed,Euphoric,Happy,Energetic,Uplifted
400,Hungry,Euphoric,Sleepy,Giggly,
401,Relaxed,Euphoric,Happy,Uplifted,Giggly
402,Relaxed,Hungry,Happy,Creative,Uplifted
403,Relaxed,Happy,Creative,Energetic,Uplifted
404,Relaxed,Hungry,Happy,Sleepy,
405,Happy,Energetic,Talkative,Uplifted,
406,Relaxed,Hungry,Euphoric,Happy,Uplifted
407,Relaxed,Hungry,Happy,Sleepy,
409,Relaxed,,,,
410,Relaxed,Euphoric,Happy,Uplifted,
413,Euphoric,Happy,Uplifted,Giggly,Aroused
414,Relaxed,Euphoric,Happy,Creative,Uplifted
415,Relaxed,Euphoric,Happy,Energetic,Uplifted
418,Relaxed,Hungry,Euphoric,Happy,Sleepy
419,Relaxed,Euphoric,Happy,Uplifted,Sleepy
420,Hungry,Euphoric,Happy,Energetic,Talkative
421,Relaxed,Euphoric,Creative,Tingly,Aroused
423,Relaxed,Euphoric,Happy,Uplifted,Focused
424,Relaxed,Euphoric,Happy,Creative,Sleepy
425,Relaxed,Euphoric,Happy,Creative,Uplifted
426,Relaxed,Euphoric,Happy,Creative,Uplifted
427,Relaxed,Euphoric,Happy,Uplifted,Sleepy
428,Relaxed,Euphoric,Happy,Uplifted,Tingly
429,Relaxed,Hungry,Euphoric,Happy,
430,Relaxed,Euphoric,Happy,Sleepy,Focused
431,Euphoric,Happy,Creative,Uplifted,Giggly
432,Relaxed,Euphoric,Happy,Uplifted,Tingly
433,Relaxed,Euphoric,Creative,Energetic,Focused
434,Relaxed,Happy,Talkative,Uplifted,Sleepy
435,Relaxed,Euphoric,Happy,Uplifted,Tingly
436,Relaxed,Hungry,Euphoric,Happy,Sleepy
437,Relaxed,Happy,Uplifted,Tingly,Sleepy
438,Relaxed,Euphoric,Happy,Uplifted,Giggly
439,Relaxed,Euphoric,Happy,Sleepy,
440,Relaxed,Euphoric,Creative,Focused,
441,Euphoric,Happy,Creative,Energetic,Giggly
443,Relaxed,Hungry,Happy,Uplifted,Sleepy
444,Relaxed,Euphoric,Happy,Uplifted,Focused
445,Relaxed,Hungry,Happy,Uplifted,Focused
446,Relaxed,Euphoric,Happy,Uplifted,Sleepy
448,Relaxed,Happy,Energetic,Uplifted,Focused
449,Hungry,Euphoric,Happy,Sleepy,Aroused
450,Relaxed,Euphoric,Happy,Uplifted,Focused
451,Relaxed,Euphoric,Happy,Creative,Giggly
452,Relaxed,Happy,Energetic,Uplifted,Giggly
453,Relaxed,Euphoric,Happy,Talkative,Uplifted
454,Euphoric,Creative,Energetic,Uplifted,Focused
455,Relaxed,Happy,Uplifted,Sleepy,
456,Relaxed,Euphoric,Happy,Energetic,Uplifted
457,Happy,Creative,Talkative,Sleepy,Aroused
458,Relaxed,Euphoric,Happy,Uplifted,
459,Relaxed,Euphoric,Happy,Uplifted,Tingly
461,Relaxed,Euphoric,Happy,Creative,Uplifted
462,Relaxed,Euphoric,Energetic,Focused,
463,Relaxed,Euphoric,Happy,Energetic,Talkative
464,Euphoric,Happy,Creative,Aroused,
465,Relaxed,Happy,Creative,Tingly,Sleepy
466,Euphoric,Happy,Creative,Energetic,Uplifted
467,Relaxed,Euphoric,Happy,Energetic,Uplifted
468,Relaxed,Happy,Talkative,Uplifted,Focused
469,Relaxed,Hungry,Euphoric,Uplifted,Aroused
470,Relaxed,Euphoric,Happy,Uplifted,
471,Relaxed,Euphoric,Happy,Uplifted,Focused
472,Euphoric,Happy,Energetic,Uplifted,Focused
473,Relaxed,Euphoric,Happy,Uplifted,Focused
474,Relaxed,Hungry,Happy,Uplifted,Sleepy
476,Relaxed,Hungry,Euphoric,Creative,Uplifted
477,Relaxed,Hungry,Euphoric,Happy,Uplifted
478,Relaxed,Euphoric,Happy,Energetic,Uplifted
479,Relaxed,Euphoric,Happy,Creative,Aroused
480,Relaxed,Euphoric,Happy,Creative,Uplifted
481,Relaxed,Euphoric,Aroused,,
482,Euphoric,Happy,Energetic,Uplifted,Focused
483,Euphoric,Happy,Creative,Energetic,Aroused
484,Hungry,Euphoric,Happy,Talkative,Giggly
485,Relaxed,Euphoric,Happy,Tingly,Sleepy
486,Euphoric,Happy,Creative,Energetic,Uplifted
487,Euphoric,Creative,Energetic,Focused,Aroused
488,Relaxed,Hungry,Euphoric,Happy,Giggly
489,Relaxed,Happy,Creative,Energetic,Focused
490,Relaxed,Euphoric,Happy,Uplifted,Sleepy
491,Euphoric,Happy,Creative,Energetic,Uplifted
492,Relaxed,Euphoric,Creative,Sleepy,
493,Relaxed,Hungry,Euphoric,Happy,
494,Relaxed,Happy,Creative,Uplifted,
495,Euphoric,Happy,Creative,Energetic,Uplifted
496,Relaxed,Euphoric,Happy,Talkative,Uplifted
497,Relaxed,Euphoric,Happy,Uplifted,Focused
498,Relaxed,Happy,Uplifted,Sleepy,Focused
499,Relaxed,Hungry,Euphoric,Happy,Sleepy
500,Relaxed,Euphoric,Happy,Talkative,Uplifted
501,Relaxed,Euphoric,Happy,Uplifted,Tingly
502,Relaxed,Uplifted,Tingly,Giggly,
503,Relaxed,Happy,Creative,Uplifted,Giggly
504,Happy,Creative,Energetic,Talkative,Uplifted
505,Relaxed,Hungry,Happy,Sleepy,
507,Relaxed,Euphoric,Happy,Creative,Uplifted
508,Relaxed,Euphoric,Happy,Uplifted,Sleepy
509,Relaxed,Euphoric,Happy,Creative,Focused
510,Happy,Energetic,Talkative,Uplifted,Giggly
511,Relaxed,Euphoric,Happy,Creative,Uplifted
512,Relaxed,Euphoric,Happy,Energetic,Uplifted
513,Relaxed,Euphoric,Happy,Uplifted,Aroused
514,Relaxed,Euphoric,Happy,Creative,Uplifted
515,Relaxed,Happy,Creative,Energetic,Uplifted
516,Relaxed,Euphoric,Happy,Energetic,Uplifted
517,Relaxed,Euphoric,Happy,Energetic,Uplifted
518,Relaxed,Hungry,Euphoric,Happy,Sleepy
520,Relaxed,Euphoric,Happy,Energetic,Uplifted
521,Relaxed,Euphoric,Happy,Creative,Uplifted
522,Relaxed,Euphoric,Happy,Energetic,Uplifted
523,Relaxed,Happy,Creative,Uplifted,Focused
524,Relaxed,Euphoric,Happy,Energetic,Uplifted
525,Relaxed,Hungry,Euphoric,Happy,Uplifted
526,Relaxed,Euphoric,Happy,Uplifted,Focused
527,Euphoric,Happy,Creative,Energetic,Talkative
528,Relaxed,Happy,Creative,Focused,
529,Relaxed,Euphoric,Happy,Uplifted,Focused
530,Relaxed,Hungry,Euphoric,Sleepy,
531,Relaxed,Euphoric,Happy,Creative,Uplifted
532,Relaxed,Euphoric,Happy,Creative,Uplifted
533,Relaxed,Euphoric,Happy,Creative,Uplifted
534,Euphoric,Happy,Talkative,Uplifted,Sleepy
535,Euphoric,Happy,Creative,Energetic,Focused
536,Relaxed,Hungry,Sleepy,Giggly,
537,Relaxed,Euphoric,Creative,Uplifted,Focused
538,Relaxed,Euphoric,Happy,Uplifted,Aroused
539,Relaxed,Happy,Creative,Uplifted,Focused
540,Relaxed,Euphoric,Happy,Uplifted,Sleepy
541,Relaxed,Euphoric,Happy,Uplifted,Focused
542,Relaxed,Euphoric,Happy,Creative,Uplifted
544,Relaxed,Euphoric,Happy,Sleepy,
545,Euphoric,Happy,Creative,Energetic,Uplifted
546,Relaxed,Euphoric,Happy,Uplifted,Giggly
547,Euphoric,Happy,Creative,Uplifted,Focused
548,Relaxed,Euphoric,Happy,Creative,Uplifted
549,Relaxed,Euphoric,Happy,Creative,Uplifted
551,Relaxed,Euphoric,Happy,Uplifted,Sleepy
552,Relaxed,Happy,Creative,Uplifted,Focused
553,Happy,Creative,Energetic,Uplifted,Focused
555,Euphoric,Happy,Creative,Energetic,Uplifted
556,Relaxed,Euphoric,Happy,Creative,Uplifted
557,Relaxed,Happy,Creative,Uplifted,Focused
558,Happy,Energetic,Talkative,Uplifted,Giggly
559,Relaxed,Hungry,Euphoric,Happy,Sleepy
560,Happy,Creative,Giggly,Aroused,
561,Relaxed,Euphoric,Happy,Energetic,Uplifted
562,Relaxed,Happy,Energetic,Uplifted,Focused
563,Relaxed,Euphoric,Happy,Uplifted,Focused
564,Relaxed,Euphoric,Happy,Energetic,Uplifted
565,Relaxed,Euphoric,Happy,Energetic,Uplifted
566,Euphoric,Happy,Creative,Energetic,Uplifted
567,Euphoric,Happy,Energetic,Uplifted,Focused
568,Euphoric,Creative,Talkative,Giggly,
569,Euphoric,Happy,Energetic,Uplifted,Aroused
570,Relaxed,Euphoric,Happy,Uplifted,Tingly
571,Happy,Energetic,Focused,,
572,Relaxed,Euphoric,Happy,Uplifted,Focused
573,Happy,Creative,Energetic,Uplifted,Focused
574,Relaxed,Euphoric,Happy,Energetic,Uplifted
575,Relaxed,Euphoric,Happy,Tingly,Giggly
576,Relaxed,Hungry,Uplifted,,
577,Relaxed,Happy,Energetic,Talkative,Giggly
578,Relaxed,Sleepy,,,
579,Relaxed,Euphoric,Energetic,Focused,
580,Relaxed,Euphoric,Happy,Uplifted,Tingly
581,Euphoric,Happy,Energetic,Talkative,Uplifted
582,Euphoric,Creative,Energetic,Aroused,
583,Relaxed,Happy,Uplifted,Sleepy,
584,Relaxed,Euphoric,Happy,Energetic,Giggly
585,Relaxed,Hungry,Euphoric,Creative,Sleepy
586,Relaxed,Hungry,Euphoric,Happy,Creative
587,Euphoric,Creative,Giggly,,
588,Relaxed,Hungry,Happy,Creative,Sleepy
590,Relaxed,Euphoric,Happy,Sleepy,Focused
591,Relaxed,Euphoric,Happy,Creative,
592,Relaxed,Euphoric,Happy,Uplifted,Giggly
593,Relaxed,Happy,Uplifted,Focused,
594,Relaxed,Hungry,Euphoric,Uplifted,Sleepy
595,Relaxed,Euphoric,Happy,Creative,Sleepy
596,Relaxed,Euphoric,Happy,Creative,Focused
597,Relaxed,Euphoric,Happy,Sleepy,
598,Relaxed,Euphoric,Happy,Uplifted,Sleepy
599,Relaxed,Euphoric,Happy,Energetic,Uplifted
600,Relaxed,Euphoric,Happy,Uplifted,Focused
601,Relaxed,Euphoric,Happy,Uplifted,Sleepy
602,Relaxed,Hungry,Euphoric,Happy,Sleepy
603,Euphoric,Happy,Energetic,Talkative,Uplifted
604,Relaxed,Euphoric,Happy,Creative,Uplifted
605,Relaxed,Euphoric,Happy,Creative,Uplifted
606,Creative,Energetic,Uplifted,Focused,
607,Relaxed,Euphoric,Happy,Talkative,Uplifted
608,Relaxed,Euphoric,Happy,Creative,Uplifted
609,Relaxed,Euphoric,Happy,Sleepy,Focused
610,Relaxed,Euphoric,Happy,Uplifted,Sleepy
611,Relaxed,Happy,Creative,Sleepy,Giggly
612,Relaxed,Euphoric,Happy,Talkative,
613,Hungry,Euphoric,Creative,Uplifted,Focused
614,Relaxed,Happy,Uplifted,Aroused,
615,Relaxed,Hungry,Happy,Uplifted,
616,Relaxed,Euphoric,Happy,Creative,Focused
617,Euphoric,Happy,Creative,Uplifted,Focused
618,Relaxed,Euphoric,Happy,Uplifted,Sleepy
619,Relaxed,Euphoric,Happy,Uplifted,Sleepy
620,Relaxed,Euphoric,Happy,Creative,Focused
621,Relaxed,Euphoric,Uplifted,Tingly,Giggly
622,Relaxed,Euphoric,Happy,Uplifted,Sleepy
624,Relaxed,Euphoric,Happy,Uplifted,Focused
625,Relaxed,Happy,Uplifted,Giggly,
627,Relaxed,Euphoric,Happy,Uplifted,
628,Relaxed,Euphoric,Happy,Creative,Sleepy
629,Relaxed,Hungry,Euphoric,Happy,Tingly
630,Relaxed,Euphoric,Happy,Focused,Aroused
631,Relaxed,Euphoric,Happy,Focused,
632,Relaxed,Euphoric,Happy,Focused,Giggly
633,Euphoric,Happy,Creative,Uplifted,Focused
634,Hungry,Euphoric,Happy,Creative,Focused
635,Relaxed,Hungry,Sleepy,Giggly,Aroused
636,Relaxed,Euphoric,Happy,Creative,Uplifted
638,Relaxed,Euphoric,Happy,Uplifted,Sleepy
639,Relaxed,Euphoric,Focused,,
640,Relaxed,Euphoric,Happy,Creative,Uplifted
641,Relaxed,Euphoric,Happy,Sleepy,
642,Hungry,Euphoric,Happy,Creative,Energetic
643,Relaxed,Happy,Energetic,Talkative,Uplifted
644,Relaxed,Happy,Energetic,Talkative,Uplifted
645,Relaxed,Happy,Creative,Uplifted,Focused
646,Relaxed,Hungry,Euphoric,Happy,Uplifted
647,Relaxed,Euphoric,Happy,Sleepy,Focused
648,Relaxed,Euphoric,Happy,Talkative,Sleepy
649,Relaxed,Euphoric,Happy,Energetic,Uplifted
650,Relaxed,Euphoric,Happy,Uplifted,Sleepy
651,Relaxed,Hungry,Euphoric,Happy,Sleepy
652,Relaxed,Hungry,Euphoric,Happy,Sleepy
653,Relaxed,Hungry,Euphoric,Happy,Sleepy
654,Relaxed,Euphoric,Happy,Uplifted,Sleepy
655,Relaxed,Sleepy,,,
656,Relaxed,Euphoric,Happy,Energetic,Uplifted
657,Relaxed,Euphoric,Happy,Creative,Uplifted
658,Relaxed,Creative,Sleepy,Focused,
659,Relaxed,Euphoric,Happy,Uplifted,Sleepy
660,Relaxed,Euphoric,Happy,Uplifted,Sleepy
661,Relaxed,Hungry,Euphoric,Happy,Sleepy
662,Relaxed,Happy,Uplifted,Sleepy,Focused
663,Relaxed,Euphoric,Happy,Creative,Sleepy
664,Relaxed,Euphoric,Happy,Tingly,Sleepy
665,Relaxed,Euphoric,Happy,Tingly,Sleepy
666,Euphoric,Happy,Energetic,Uplifted,Focused
667,Relaxed,Happy,Uplifted,Sleepy,Giggly
668,Hungry,Creative,Tingly,Sleepy,
669,Euphoric,Happy,Energetic,Uplifted,Giggly
670,Relaxed,Euphoric,Happy,Focused,
671,Relaxed,Euphoric,Creative,Energetic,Focused
672,Relaxed,Euphoric,Happy,Tingly,Sleepy
673,Relaxed,Hungry,Euphoric,Happy,Sleepy
675,Relaxed,Happy,Creative,Energetic,Focused
676,Euphoric,Happy,Creative,Energetic,Uplifted
677,Relaxed,Sleepy,Focused,Giggly,
678,Relaxed,Happy,Creative,Uplifted,Sleepy
679,Relaxed,Euphoric,Energetic,Talkative,Uplifted
680,Euphoric,Happy,Creative,Energetic,Uplifted
682,Hungry,Euphoric,Energetic,Uplifted,
683,Euphoric,Happy,Creative,Energetic,Uplifted
684,Relaxed,Euphoric,Creative,Talkative,Giggly
685,Euphoric,Happy,Energetic,Talkative,Uplifted
687,Relaxed,Hungry,Euphoric,Happy,Sleepy
688,Relaxed,Happy,Uplifted,Focused,Aroused
689,Relaxed,Euphoric,Creative,Energetic,
690,Relaxed,Euphoric,Happy,Uplifted,Giggly
691,Creative,Energetic,,,
693,Relaxed,Euphoric,Happy,Creative,Uplifted
694,Relaxed,Euphoric,Energetic,Talkative,
695,Relaxed,Euphoric,Creative,Energetic,
696,Relaxed,Euphoric,Creative,Uplifted,
697,Euphoric,Happy,Energetic,Uplifted,Focused
698,Relaxed,Euphoric,Happy,Uplifted,
699,Relaxed,Euphoric,Uplifted,Focused,Giggly
700,Relaxed,Euphoric,Creative,Focused,
701,Relaxed,Happy,Creative,Energetic,Focused
702,Relaxed,Euphoric,Happy,Creative,Uplifted
703,Hungry,Euphoric,Happy,Uplifted,
705,Relaxed,Happy,Creative,Talkative,Focused
706,Relaxed,Creative,Sleepy,,
707,Relaxed,Euphoric,Happy,Creative,Uplifted
710,Relaxed,Euphoric,Happy,Creative,Focused
711,Relaxed,Euphoric,Happy,Creative,Tingly
712,Euphoric,Happy,Creative,Energetic,Uplifted
713,Relaxed,Euphoric,Happy,Creative,Uplifted
714,Relaxed,Happy,Energetic,Uplifted,Aroused
715,Relaxed,Happy,Talkative,Focused,
716,Relaxed,Happy,Creative,Energetic,Focused
717,Creative,Energetic,Talkative,Uplifted,
718,Relaxed,Hungry,Euphoric,Happy,Sleepy
719,Relaxed,Euphoric,Happy,Uplifted,
720,Relaxed,Happy,Energetic,Uplifted,Aroused
721,Relaxed,Euphoric,Happy,Uplifted,Aroused
722,Euphoric,Happy,Creative,Talkative,Uplifted
723,Relaxed,Hungry,Creative,Talkative,Uplifted
724,Euphoric,Happy,Energetic,Uplifted,Giggly
725,Happy,Creative,Energetic,Uplifted,Focused
726,Relaxed,Happy,Creative,Energetic,Focused
727,Relaxed,Hungry,Euphoric,Uplifted,Giggly
728,Relaxed,Happy,Energetic,Uplifted,Focused
729,Euphoric,Happy,Energetic,Uplifted,Focused
730,Relaxed,Happy,Talkative,Sleepy,Giggly
731,Relaxed,Hungry,Tingly,Focused,Aroused
732,Euphoric,Happy,Energetic,Uplifted,Giggly
733,Relaxed,Euphoric,Happy,Energetic,Uplifted
734,Happy,Creative,Energetic,Focused,Aroused
735,Relaxed,Hungry,Euphoric,Sleepy,Giggly
736,Relaxed,Euphoric,Happy,Energetic,
737,Euphoric,Happy,Creative,Talkative,Uplifted
738,Relaxed,Euphoric,Happy,Creative,Uplifted
739,Relaxed,Euphoric,Happy,Energetic,Uplifted
740,Relaxed,Euphoric,Happy,Uplifted,Giggly
741,Relaxed,Hungry,Euphoric,Happy,Uplifted
742,Relaxed,Happy,Creative,Talkative,Uplifted
743,Relaxed,Euphoric,Creative,Aroused,
744,Relaxed,Hungry,Happy,Talkative,
745,Relaxed,Euphoric,Happy,Energetic,Focused
746,Happy,Creative,Talkative,Sleepy,
747,Relaxed,Euphoric,Happy,Uplifted,Focused
748,Euphoric,Happy,Creative,Energetic,Aroused
749,Euphoric,Creative,Energetic,Uplifted,Focused
750,Euphoric,Happy,Energetic,Uplifted,Focused
751,Relaxed,Happy,Sleepy,,
752,Relaxed,Euphoric,Tingly,Sleepy,Aroused
753,Relaxed,Euphoric,Happy,Creative,Uplifted
754,Relaxed,Hungry,Creative,Talkative,Focused
755,Relaxed,Euphoric,Happy,Creative,Energetic
756,Relaxed,Euphoric,Energetic,Uplifted,Focused
757,Relaxed,Hungry,Happy,Sleepy,
758,Relaxed,Euphoric,Happy,Uplifted,Sleepy
759,Relaxed,Euphoric,Creative,Tingly,Sleepy
760,Relaxed,Happy,Talkative,Uplifted,Sleepy
761,Relaxed,Happy,Tingly,Aroused,
762,Relaxed,Hungry,Happy,Sleepy,Giggly
763,Relaxed,Euphoric,Creative,Uplifted,Sleepy
764,Euphoric,Happy,Creative,Talkative,Uplifted
765,Relaxed,Euphoric,Energetic,Uplifted,Focused
766,Relaxed,Happy,Creative,Energetic,Focused
767,Relaxed,Happy,Creative,Focused,
768,Relaxed,Creative,Talkative,Uplifted,
769,Euphoric,Happy,Creative,Energetic,Focused
770,Relaxed,Euphoric,Happy,Uplifted,Sleepy
771,Relaxed,Euphoric,Happy,Uplifted,Giggly
772,Relaxed,Hungry,Euphoric,Happy,Sleepy
773,Relaxed,Hungry,Happy,Sleepy,Aroused
774,Relaxed,Hungry,Happy,Creative,Giggly
775,Relaxed,Euphoric,Happy,Uplifted,Sleepy
776,Relaxed,Hungry,Euphoric,Happy,Sleepy
778,Relaxed,Hungry,Euphoric,Happy,Talkative
779,Relaxed,Happy,Creative,Tingly,Sleepy
780,Relaxed,Hungry,Euphoric,Creative,Uplifted
781,Relaxed,Euphoric,Happy,Tingly,Sleepy
782,Relaxed,Euphoric,Happy,Sleepy,
783,Relaxed,Euphoric,Happy,Uplifted,Giggly
784,Relaxed,Hungry,Happy,Uplifted,Giggly
785,Relaxed,Hungry,Happy,Sleepy,
786,Relaxed,Sleepy,,,
787,Relaxed,Hungry,Euphoric,Happy,Sleepy
789,Relaxed,Happy,Creative,,
790,Happy,Creative,Energetic,Talkative,Uplifted
791,Euphoric,Happy,Creative,Energetic,Uplifted
792,Hungry,Happy,Creative,Focused,Giggly
793,Relaxed,Euphoric,Happy,Creative,Giggly
795,Relaxed,Euphoric,Happy,Uplifted,Focused
796,Relaxed,Euphoric,Happy,Uplifted,Focused
797,Relaxed,Euphoric,Happy,Uplifted,Sleepy
798,Relaxed,Happy,Energetic,Uplifted,Tingly
799,Relaxed,Euphoric,Happy,Uplifted,Tingly
800,Relaxed,Happy,Creative,Energetic,Uplifted
802,Relaxed,Euphoric,Happy,Creative,Focused
803,Euphoric,Happy,Creative,Energetic,
804,Relaxed,Euphoric,Happy,Creative,Focused
805,Creative,Energetic,Talkative,Uplifted,Aroused
806,Relaxed,Euphoric,Happy,Creative,Energetic
807,Euphoric,Happy,Energetic,Focused,Aroused
808,Relaxed,Hungry,Euphoric,Happy,Sleepy
810,Relaxed,Hungry,Euphoric,Happy,Giggly
811,Relaxed,Euphoric,Happy,Talkative,Sleepy
812,Relaxed,Hungry,Euphoric,Happy,
813,Relaxed,Happy,Sleepy,Giggly,
814,Relaxed,Happy,Creative,Uplifted,Sleepy
815,Relaxed,Euphoric,Happy,Tingly,Giggly
816,Hungry,Euphoric,Happy,Creative,Uplifted
817,Relaxed,Happy,Uplifted,Sleepy,Focused
818,Relaxed,Euphoric,Happy,Uplifted,Giggly
819,Relaxed,Euphoric,Happy,Creative,Uplifted
820,Relaxed,Hungry,Happy,Creative,Uplifted
821,Euphoric,Happy,Energetic,Talkative,Uplifted
822,Relaxed,Euphoric,Happy,Energetic,Sleepy
823,Relaxed,Euphoric,Happy,Talkative,Uplifted
824,Relaxed,Euphoric,Happy,Uplifted,Giggly
825,Relaxed,Hungry,Happy,Creative,Sleepy
826,Relaxed,Euphoric,Happy,,
827,Relaxed,Happy,Sleepy,Giggly,
828,Hungry,Happy,Energetic,Uplifted,Aroused
829,Hungry,Happy,Energetic,Uplifted,Giggly
830,Relaxed,Happy,Tingly,Sleepy,Giggly
831,Relaxed,Euphoric,Happy,Uplifted,Sleepy
832,Euphoric,Happy,Creative,Uplifted,Aroused
833,Euphoric,Happy,Creative,Energetic,Focused
834,Relaxed,Happy,Uplifted,,
836,Euphoric,Happy,Creative,Uplifted,
839,Relaxed,Euphoric,Happy,Energetic,Sleepy
840,Relaxed,Euphoric,Happy,Uplifted,Sleepy
841,Relaxed,Euphoric,Happy,Creative,Focused
842,Relaxed,Euphoric,Happy,Creative,Uplifted
843,Euphoric,Creative,Energetic,Tingly,Focused
844,Euphoric,Happy,Creative,Energetic,Focused
845,Relaxed,Euphoric,Happy,Creative,Giggly
846,Hungry,Happy,Energetic,Focused,Giggly
847,Relaxed,Happy,Energetic,Uplifted,Focused
848,Relaxed,Happy,Uplifted,Sleepy,
849,Happy,Sleepy,Focused,,
850,Relaxed,Euphoric,Happy,Creative,Uplifted
851,Relaxed,Creative,Giggly,Aroused,
852,Relaxed,Hungry,Sleepy,Focused,
853,Relaxed,Euphoric,Happy,Creative,Uplifted
854,Relaxed,Hungry,Euphoric,Happy,Focused
855,Relaxed,Euphoric,Happy,Energetic,Uplifted
856,Relaxed,Euphoric,Happy,Energetic,Uplifted
857,Relaxed,Euphoric,Happy,Uplifted,
858,Happy,Creative,Talkative,Uplifted,Focused
859,Relaxed,Euphoric,Happy,Tingly,Sleepy
860,Euphoric,Happy,Energetic,Uplifted,Focused
861,Relaxed,Hungry,Sleepy,,
862,Relaxed,Euphoric,Happy,Tingly,Aroused
863,Relaxed,Euphoric,Happy,Creative,Uplifted
864,Relaxed,Euphoric,Creative,Energetic,Focused
865,Euphoric,Happy,Creative,Energetic,Uplifted
866,Relaxed,Euphoric,Happy,Uplifted,Giggly
867,Happy,Energetic,Uplifted,Focused,
868,Relaxed,Euphoric,Energetic,Uplifted,Focused
869,Relaxed,Hungry,Euphoric,Happy,Sleepy
870,Relaxed,Hungry,Happy,Uplifted,Focused
871,Relaxed,Euphoric,Happy,Uplifted,Sleepy
872,Relaxed,Euphoric,Happy,Uplifted,Sleepy
873,Relaxed,Euphoric,Happy,Energetic,Uplifted
874,Relaxed,Euphoric,Happy,Sleepy,Giggly
875,Relaxed,Hungry,Euphoric,Happy,Sleepy
876,Relaxed,Euphoric,Happy,Talkative,Sleepy
877,Relaxed,Euphoric,Happy,Sleepy,
878,Relaxed,Euphoric,Happy,Creative,Uplifted
879,Relaxed,Euphoric,Happy,Creative,Tingly
880,Relaxed,Euphoric,Happy,Talkative,Uplifted
881,Relaxed,Hungry,Sleepy,,
882,Relaxed,Euphoric,Creative,Uplifted,Focused
883,Relaxed,Euphoric,Happy,Energetic,Uplifted
884,Happy,Creative,Energetic,Aroused,
885,Euphoric,Tingly,,,
886,Euphoric,Happy,Energetic,Focused,Aroused
887,Relaxed,Euphoric,Happy,Energetic,Uplifted
888,Relaxed,Euphoric,Happy,Tingly,Giggly
889,Euphoric,Happy,Creative,Uplifted,Focused
890,Relaxed,Hungry,Euphoric,Happy,Uplifted
891,Relaxed,Euphoric,Happy,Energetic,Uplifted
892,Relaxed,Euphoric,Happy,Uplifted,Focused
894,Relaxed,Hungry,Euphoric,Happy,Sleepy
895,Relaxed,Euphoric,Happy,Sleepy,Giggly
896,Relaxed,Happy,Energetic,Uplifted,Focused
897,Relaxed,Hungry,Euphoric,Happy,Sleepy
898,Relaxed,Euphoric,Happy,Uplifted,Sleepy
899,Relaxed,Euphoric,Happy,Uplifted,Sleepy
900,Relaxed,Euphoric,Happy,Uplifted,Sleepy
901,Relaxed,Euphoric,Happy,Tingly,Sleepy
902,Happy,Creative,Focused,Aroused,
903,Relaxed,Euphoric,,,
904,Relaxed,Hungry,Euphoric,Happy,
905,Relaxed,Euphoric,Happy,Sleepy,
906,Relaxed,Euphoric,Uplifted,Focused,Giggly
907,Relaxed,Hungry,Euphoric,Happy,Sleepy
908,Euphoric,Happy,Giggly,,
909,Relaxed,Euphoric,Happy,Uplifted,
910,Relaxed,Euphoric,Creative,Uplifted,Sleepy
911,Relaxed,Euphoric,Happy,Uplifted,Sleepy
912,Relaxed,Hungry,Euphoric,Happy,Creative
913,Relaxed,Euphoric,Happy,Uplifted,Sleepy
914,Relaxed,Hungry,Euphoric,Creative,Uplifted
915,Relaxed,Euphoric,Happy,Creative,Giggly
916,Relaxed,Euphoric,Happy,Uplifted,Sleepy
917,Relaxed,Happy,Sleepy,,
918,Relaxed,Hungry,Euphoric,Uplifted,Sleepy
919,Relaxed,Euphoric,Happy,Uplifted,Sleepy
920,Hungry,Uplifted,Tingly,Sleepy,
921,Relaxed,Happy,Uplifted,Focused,Giggly
922,Relaxed,Euphoric,Happy,Uplifted,Focused
923,Relaxed,Hungry,Euphoric,Creative,Sleepy
924,Euphoric,Happy,Creative,Energetic,Uplifted
925,Relaxed,Euphoric,Happy,Talkative,Giggly
926,Euphoric,Happy,Energetic,Uplifted,
927,Relaxed,Hungry,Euphoric,Happy,Uplifted
928,Relaxed,Hungry,Euphoric,Sleepy,Aroused
929,Relaxed,Hungry,Euphoric,Happy,
930,Relaxed,Euphoric,Happy,Creative,Uplifted
931,Euphoric,Happy,Creative,Energetic,Uplifted
932,Relaxed,Euphoric,Happy,Energetic,Uplifted
933,Relaxed,Euphoric,Creative,Energetic,Sleepy
934,Happy,Creative,Energetic,Uplifted,Focused
935,Creative,Energetic,Talkative,Uplifted,Focused
936,Relaxed,Euphoric,Happy,Creative,
937,Relaxed,Euphoric,Happy,Uplifted,Sleepy
938,Relaxed,Euphoric,Happy,Creative,Energetic
939,Euphoric,Happy,Creative,Uplifted,Focused
940,Relaxed,Euphoric,Happy,Uplifted,Focused
941,Euphoric,Happy,Talkative,Uplifted,Focused
942,Relaxed,Euphoric,Happy,Uplifted,Giggly
943,Relaxed,Hungry,Happy,Focused,
944,Hungry,Euphoric,Creative,Uplifted,Focused
945,Relaxed,Happy,Energetic,Uplifted,Aroused
946,Euphoric,Happy,Creative,Uplifted,
947,Relaxed,Euphoric,Happy,Sleepy,Giggly
948,Relaxed,Hungry,Euphoric,Happy,Energetic
949,Relaxed,Euphoric,Happy,Sleepy,
950,Relaxed,Happy,Energetic,Uplifted,Focused
951,Happy,Energetic,Talkative,Uplifted,Focused
952,Relaxed,Hungry,Euphoric,Happy,Uplifted
953,Euphoric,Creative,Energetic,Focused,
954,Relaxed,Hungry,Euphoric,Happy,Sleepy
957,Relaxed,Euphoric,Happy,,
958,Relaxed,Happy,Creative,Uplifted,Focused
959,Relaxed,Euphoric,Happy,Uplifted,Focused
960,Relaxed,Euphoric,Happy,Uplifted,
962,Relaxed,Euphoric,Happy,Uplifted,Sleepy
963,Relaxed,Euphoric,Uplifted,Tingly,
964,Relaxed,Euphoric,Happy,Giggly,
965,Relaxed,Hungry,Happy,Sleepy,Aroused
966,Euphoric,Happy,Uplifted,Sleepy,Focused
967,Relaxed,Creative,Giggly,,
968,Relaxed,Hungry,Euphoric,Giggly,
969,Relaxed,Euphoric,Happy,Talkative,Uplifted
971,Relaxed,Euphoric,Happy,Creative,Uplifted
972,Relaxed,Hungry,Happy,Sleepy,
973,Relaxed,Euphoric,Happy,Uplifted,Tingly
974,Relaxed,Euphoric,Happy,Uplifted,Sleepy
975,Relaxed,Euphoric,Happy,Uplifted,Focused
976,Relaxed,Happy,Energetic,Uplifted,Focused
977,Relaxed,Euphoric,Happy,Creative,Uplifted
978,Relaxed,Euphoric,Creative,Energetic,
979,Relaxed,Happy,Creative,Uplifted,Focused
980,Relaxed,Euphoric,Happy,Creative,Uplifted
981,Relaxed,Hungry,Happy,Creative,Giggly
982,Relaxed,Hungry,Happy,Sleepy,
983,Relaxed,Euphoric,Happy,Creative,Uplifted
984,Relaxed,Hungry,Euphoric,Happy,Uplifted
985,Relaxed,Euphoric,Happy,Energetic,Uplifted
986,Relaxed,Happy,Energetic,Talkative,Uplifted
987,Relaxed,Happy,Creative,Energetic,Aroused
988,Relaxed,Hungry,Happy,Aroused,
989,Relaxed,Happy,Creative,Uplifted,Aroused
990,Relaxed,Euphoric,Happy,Uplifted,Focused
991,Relaxed,Euphoric,Happy,Energetic,Uplifted
992,Relaxed,Euphoric,Talkative,Uplifted,Tingly
994,Relaxed,Euphoric,Happy,Energetic,Tingly
995,Relaxed,Happy,Creative,Giggly,
996,Relaxed,Euphoric,Happy,Uplifted,
997,Euphoric,Happy,Creative,Energetic,Uplifted
998,Euphoric,Happy,Creative,Energetic,Uplifted
999,Relaxed,Euphoric,Happy,Uplifted,Tingly
1000,Relaxed,Euphoric,Happy,Talkative,
1001,Relaxed,Euphoric,Happy,Creative,Aroused
1002,Euphoric,Happy,Creative,Energetic,Uplifted
1003,Relaxed,Happy,Energetic,Uplifted,Giggly
1004,Happy,Creative,Energetic,Talkative,Uplifted
1006,Euphoric,Happy,Creative,Uplifted,Focused
1007,Relaxed,Euphoric,Happy,Creative,Uplifted
1008,Relaxed,Happy,Uplifted,Sleepy,Focused
1009,Relaxed,Euphoric,Happy,Creative,Uplifted
1010,Relaxed,Sleepy,Giggly,,
1011,Euphoric,Creative,Energetic,Focused,
1012,Relaxed,Euphoric,Happy,Tingly,Sleepy
1013,Relaxed,Euphoric,Happy,Energetic,Uplifted
1014,Relaxed,Euphoric,Happy,Talkative,Uplifted
1015,Relaxed,Hungry,Euphoric,Happy,Creative
1016,Relaxed,Hungry,Euphoric,Happy,Sleepy
1017,Relaxed,Happy,Creative,Uplifted,Focused
1018,Euphoric,Happy,Creative,Energetic,Uplifted
1019,Happy,Creative,Energetic,Focused,Giggly
1020,Relaxed,Euphoric,Happy,Uplifted,Sleepy
1021,Relaxed,Euphoric,Happy,Energetic,Uplifted
1022,Relaxed,Happy,Creative,Uplifted,Focused
1023,Relaxed,Euphoric,Happy,Focused,Giggly
1024,Relaxed,Euphoric,Happy,Tingly,Sleepy
1025,Relaxed,Euphoric,Happy,Sleepy,
1026,Relaxed,Hungry,Euphoric,Happy,Sleepy
1027,Relaxed,Euphoric,Happy,Energetic,Giggly
1028,Euphoric,Happy,Creative,Uplifted,Giggly
1029,Happy,Creative,Energetic,Uplifted,
1030,Hungry,Euphoric,Happy,Creative,Focused
1031,Happy,Uplifted,Tingly,Focused,
1032,Relaxed,Euphoric,Happy,Talkative,Sleepy
1033,Relaxed,Euphoric,Happy,Creative,Uplifted
1034,Relaxed,Happy,Energetic,Focused,
1035,Relaxed,Creative,Tingly,Giggly,
1036,Relaxed,Euphoric,Happy,Creative,Uplifted
1037,Relaxed,Euphoric,Happy,Uplifted,Giggly
1038,Relaxed,Euphoric,Tingly,Sleepy,
1040,Relaxed,Euphoric,Happy,Creative,Energetic
1041,Euphoric,Happy,Creative,Energetic,Focused
1042,Relaxed,Euphoric,Happy,Uplifted,Giggly
1043,Relaxed,Euphoric,Happy,Creative,
1044,Relaxed,Euphoric,Happy,Tingly,Aroused
1045,Euphoric,Happy,Creative,Uplifted,
1046,Relaxed,Happy,Creative,Uplifted,
1047,Relaxed,Euphoric,Happy,Sleepy,
1048,Relaxed,Hungry,Happy,Uplifted,Sleepy
1049,Relaxed,Happy,Energetic,Uplifted,Focused
1050,Relaxed,Euphoric,Happy,Energetic,Sleepy
1051,Relaxed,Euphoric,Happy,Creative,Uplifted
1053,Relaxed,Happy,Sleepy,,
1054,Relaxed,Euphoric,Happy,Uplifted,Focused
1055,Relaxed,Euphoric,Happy,Uplifted,Focused
1056,Relaxed,Euphoric,Happy,,
1057,Relaxed,Euphoric,Happy,Energetic,Uplifted
1058,Relaxed,Euphoric,Happy,Tingly,
1059,Relaxed,Euphoric,Happy,Talkative,Giggly
1060,Euphoric,Happy,Giggly,,
1061,Relaxed,Hungry,Happy,Tingly,Sleepy
1062,Relaxed,Euphoric,Creative,Uplifted,Focused
1063,Relaxed,Euphoric,Happy,Sleepy,Focused
1064,Relaxed,Euphoric,Happy,Creative,Uplifted
1065,Euphoric,Happy,Creative,Energetic,Uplifted
1066,Relaxed,Hungry,Euphoric,Happy,Sleepy
1068,Relaxed,Happy,Energetic,Uplifted,Focused
1070,Hungry,Happy,Uplifted,Tingly,Giggly
1071,Euphoric,Creative,Energetic,Uplifted,
1072,Euphoric,Creative,Uplifted,Tingly,
1073,Euphoric,Happy,Energetic,Uplifted,Focused
1074,Relaxed,Hungry,Focused,,
1075,Euphoric,Creative,Energetic,Uplifted,Focused
1076,Relaxed,Euphoric,Happy,Energetic,Uplifted
1078,Relaxed,Euphoric,Happy,Creative,Energetic
1079,Euphoric,Creative,Focused,Aroused,
1080,Euphoric,Happy,Energetic,Focused,Giggly
1081,Relaxed,Euphoric,Happy,Energetic,Uplifted
1082,Relaxed,Euphoric,Happy,Energetic,Uplifted
1083,Happy,Creative,Energetic,Talkative,Uplifted
1084,Euphoric,Happy,Creative,Energetic,Uplifted
1085,Relaxed,Hungry,Euphoric,Happy,Uplifted
1086,Relaxed,Euphoric,Happy,Creative,Energetic
1087,Relaxed,Happy,Energetic,Uplifted,Focused
1088,Euphoric,Happy,Creative,Energetic,Uplifted
1089,Euphoric,Creative,Energetic,Uplifted,Focused
1090,Euphoric,Happy,Energetic,Talkative,Uplifted
1091,Euphoric,Energetic,Talkative,Uplifted,Focused
1092,Euphoric,Happy,Creative,Uplifted,Focused
1093,Relaxed,Happy,Sleepy,Aroused,
1094,Hungry,Creative,Energetic,Focused,Aroused
1095,Relaxed,Happy,Energetic,Uplifted,Focused
1096,Relaxed,Happy,Energetic,Uplifted,Focused
1097,Euphoric,Happy,Creative,Energetic,Aroused
1098,Euphoric,Happy,Energetic,Talkative,Uplifted
1099,Relaxed,Euphoric,Happy,Talkative,Uplifted
1100,Relaxed,Happy,Energetic,Uplifted,
1101,Relaxed,Euphoric,Happy,Energetic,Sleepy
1102,Happy,Energetic,Talkative,Tingly,Giggly
1103,Relaxed,Euphoric,Happy,Tingly,Giggly
1104,Relaxed,Hungry,Euphoric,Happy,Sleepy
1105,Relaxed,Euphoric,Happy,Sleepy,
1106,Euphoric,Happy,Creative,Energetic,Uplifted
1107,Euphoric,Happy,Energetic,Talkative,Uplifted
1108,Relaxed,Euphoric,Happy,Uplifted,Sleepy
1109,Relaxed,Happy,Tingly,,
1110,Relaxed,Euphoric,Happy,Creative,Energetic
1111,Relaxed,Euphoric,Happy,Creative,Focused
1112,Relaxed,Euphoric,Happy,Creative,
1113,Relaxed,Euphoric,Happy,Creative,Uplifted
1114,Relaxed,Euphoric,Happy,Creative,Uplifted
1115,Relaxed,Happy,Energetic,Uplifted,Focused
1117,Euphoric,Happy,Creative,Energetic,Uplifted
1118,Relaxed,Euphoric,Happy,Creative,Uplifted
1119,Hungry,Euphoric,Happy,Energetic,Aroused
1120,Relaxed,Hungry,Euphoric,Happy,Tingly
1121,Relaxed,Euphoric,Happy,Tingly,Giggly
1122,Aroused,,,,
1123,Relaxed,Euphoric,Happy,Uplifted,Sleepy
1124,Relaxed,Euphoric,Happy,Energetic,Uplifted
1125,Euphoric,Happy,Creative,Energetic,Uplifted
1126,Relaxed,Euphoric,Happy,Energetic,Focused
1127,Relaxed,Euphoric,Happy,Uplifted,Focused
1128,Relaxed,Happy,Creative,Energetic,Sleepy
1129,Relaxed,Hungry,Euphoric,Happy,Sleepy
1130,Relaxed,Euphoric,Happy,Creative,Uplifted
1131,Happy,Energetic,Uplifted,Focused,Giggly
1132,Relaxed,Hungry,Happy,Sleepy,
1133,Relaxed,Hungry,Euphoric,Happy,Focused
1134,Relaxed,Uplifted,Sleepy,,
1135,Relaxed,Happy,Creative,Uplifted,Tingly
1136,Happy,Energetic,Talkative,Uplifted,Focused
1137,Relaxed,Euphoric,Creative,Uplifted,Focused
1138,Relaxed,Happy,Creative,Energetic,Uplifted
1139,Euphoric,Happy,Energetic,Tingly,Aroused
1140,Euphoric,Happy,Talkative,Uplifted,Focused
1142,Euphoric,Happy,Creative,Energetic,Uplifted
1143,Relaxed,Euphoric,Happy,Creative,Sleepy
1144,Relaxed,Happy,Energetic,Uplifted,Sleepy
1145,Happy,Creative,Energetic,Uplifted,Focused
1146,Relaxed,Euphoric,Sleepy,Giggly,
1147,Relaxed,Euphoric,Happy,Creative,Uplifted
1148,Relaxed,Euphoric,Happy,Uplifted,Giggly
1149,Relaxed,Happy,Creative,Uplifted,Focused
1150,Relaxed,Euphoric,Happy,Tingly,
1151,Relaxed,Euphoric,Happy,Sleepy,Giggly
1152,Happy,Creative,Energetic,Uplifted,Focused
1153,Euphoric,Happy,Energetic,Talkative,Aroused
1154,Relaxed,Euphoric,Happy,Focused,Giggly
1155,Relaxed,Hungry,Happy,Energetic,Focused
1156,Relaxed,Euphoric,Happy,Focused,
1157,Relaxed,Euphoric,Happy,Uplifted,Giggly
1159,Relaxed,Euphoric,Happy,Uplifted,Focused
1160,Relaxed,Happy,Tingly,Giggly,
1161,Euphoric,Happy,Creative,Energetic,Uplifted
1162,Relaxed,Euphoric,Happy,Uplifted,Sleepy
1163,Relaxed,Euphoric,Happy,Uplifted,
1164,Happy,Creative,Energetic,Talkative,Uplifted
1165,Happy,Creative,Energetic,Focused,Aroused
1166,Relaxed,Euphoric,Happy,Uplifted,Sleepy
1167,Relaxed,Euphoric,Happy,Creative,Uplifted
1168,Relaxed,Euphoric,Happy,Tingly,
1169,Relaxed,Hungry,Euphoric,Happy,Sleepy
1170,Euphoric,Happy,Creative,Uplifted,Focused
1171,Relaxed,Euphoric,Happy,Uplifted,Sleepy
1173,Hungry,Euphoric,Happy,Sleepy,Aroused
1174,Relaxed,Hungry,Euphoric,Happy,Sleepy
1175,Euphoric,Happy,Creative,Energetic,Uplifted
1176,Relaxed,Euphoric,Happy,Creative,Tingly
1177,Relaxed,Euphoric,Happy,Creative,Talkative
1178,Relaxed,Euphoric,Happy,Uplifted,Sleepy
1179,Relaxed,Happy,Creative,Uplifted,Focused
1181,Relaxed,Euphoric,Happy,Sleepy,
1182,Relaxed,Euphoric,Happy,Giggly,Aroused
1183,Relaxed,Euphoric,Happy,Uplifted,Sleepy
1184,Euphoric,Happy,Creative,Talkative,Aroused
1185,Relaxed,Creative,Energetic,Giggly,Aroused
1186,Relaxed,Euphoric,Happy,Uplifted,Tingly
1187,Happy,Creative,Energetic,Tingly,Focused
1189,Relaxed,Hungry,Euphoric,Sleepy,
1190,Relaxed,Euphoric,Happy,Creative,Tingly
1191,Relaxed,Euphoric,Creative,Energetic,Sleepy
1192,Relaxed,Hungry,Euphoric,Happy,Sleepy
1193,Happy,Creative,Energetic,Uplifted,Focused
1195,Relaxed,Hungry,Creative,Tingly,Sleepy
1196,Relaxed,Euphoric,Happy,Sleepy,Focused
1197,Relaxed,Hungry,Euphoric,Happy,Sleepy
1198,Relaxed,Euphoric,Happy,Creative,Sleepy
1199,Hungry,Happy,Creative,Focused,Giggly
1200,Relaxed,Happy,Creative,Energetic,Aroused
1201,Relaxed,Hungry,Euphoric,Happy,Tingly
1202,Relaxed,Euphoric,Happy,Tingly,Focused
1203,Relaxed,Euphoric,Happy,Creative,Tingly
1204,Relaxed,Happy,Creative,Energetic,Uplifted
1205,Relaxed,Euphoric,Happy,Creative,Uplifted
1206,Relaxed,Happy,Talkative,Uplifted,Aroused
1208,Relaxed,Hungry,Sleepy,,
1209,Relaxed,Hungry,Creative,Sleepy,Giggly
1210,Relaxed,Euphoric,Happy,Creative,Uplifted
1211,Euphoric,Happy,Creative,Energetic,Uplifted
1212,Relaxed,Hungry,Euphoric,Happy,Sleepy
1213,Relaxed,Hungry,Euphoric,Uplifted,Sleepy
1214,Relaxed,Euphoric,Energetic,Uplifted,
1215,Relaxed,Euphoric,Happy,Creative,Uplifted
1217,Relaxed,Hungry,Euphoric,Happy,Sleepy
1218,Euphoric,Happy,Energetic,Uplifted,Giggly
1219,Relaxed,Euphoric,Happy,Uplifted,Sleepy
1220,Relaxed,Euphoric,Happy,Creative,Uplifted
1221,Relaxed,Euphoric,Happy,Creative,Uplifted
1223,Relaxed,Euphoric,Happy,Talkative,Uplifted
1225,Relaxed,Hungry,Euphoric,Happy,Creative
1226,Relaxed,Euphoric,Happy,Uplifted,Focused
1227,Relaxed,Hungry,Euphoric,Uplifted,Sleepy
1228,Relaxed,Euphoric,Creative,Aroused,
1230,Relaxed,Euphoric,Happy,Energetic,Uplifted
1231,Happy,Creative,Energetic,Talkative,
1232,Happy,Creative,Energetic,Talkative,Giggly
1233,Relaxed,Euphoric,Happy,Creative,Energetic
1234,Relaxed,Happy,Energetic,Focused,Giggly
1235,Relaxed,Euphoric,Happy,Uplifted,Tingly
1236,Relaxed,Euphoric,Happy,Uplifted,Giggly
1237,Euphoric,Happy,Energetic,Uplifted,Focused
1238,Relaxed,Euphoric,Happy,Creative,Uplifted
1239,Relaxed,Euphoric,Happy,Energetic,Uplifted
1240,Relaxed,Euphoric,Happy,Energetic,Giggly
1242,Relaxed,Hungry,Euphoric,Happy,Uplifted
1243,Relaxed,Creative,Energetic,Focused,
1244,Relaxed,Euphoric,Happy,Creative,Uplifted
1245,Happy,Creative,Energetic,Talkative,Uplifted
1246,Relaxed,Happy,Energetic,Uplifted,Focused
1247,Relaxed,Euphoric,Happy,Uplifted,Sleepy
1248,Euphoric,Happy,Energetic,Uplifted,Sleepy
1249,Euphoric,Happy,Creative,Energetic,Focused
1250,Relaxed,Euphoric,Happy,Energetic,Uplifted
1251,Relaxed,Happy,Talkative,Uplifted,Focused
1252,Relaxed,Happy,Energetic,Uplifted,Focused
1253,Relaxed,Hungry,Happy,Energetic,Focused
1254,Relaxed,Euphoric,Happy,Uplifted,Giggly
1255,Euphoric,Happy,Creative,Uplifted,Focused
1256,Relaxed,Euphoric,Happy,Uplifted,Focused
1257,Creative,Energetic,Focused,Aroused,
1258,Hungry,Euphoric,Happy,Creative,Talkative
1259,Relaxed,Euphoric,Happy,Creative,Uplifted
1260,Relaxed,Euphoric,Uplifted,Sleepy,Focused
1261,Relaxed,Happy,Energetic,Uplifted,Focused
1262,Relaxed,Happy,Creative,Uplifted,Focused
1263,Relaxed,Euphoric,Happy,Energetic,Uplifted
1264,Relaxed,Euphoric,Happy,Sleepy,
1265,Relaxed,Euphoric,Happy,Creative,Uplifted
1266,Relaxed,Happy,Talkative,Aroused,
1267,Relaxed,Happy,Creative,Energetic,Uplifted
1268,Relaxed,Happy,Uplifted,Sleepy,Focused
1270,Relaxed,Euphoric,Happy,Creative,Uplifted
1271,Relaxed,Euphoric,Happy,Energetic,Sleepy
1272,Relaxed,Euphoric,Happy,Uplifted,
1273,Relaxed,Euphoric,Happy,Uplifted,Giggly
1274,Euphoric,Happy,Energetic,Talkative,Uplifted
1275,Euphoric,Happy,Creative,Energetic,Aroused
1276,Relaxed,Euphoric,Happy,Creative,Focused
1277,Relaxed,Happy,Creative,Talkative,Giggly
1278,Relaxed,Happy,Creative,Energetic,
1279,Relaxed,Euphoric,Happy,Creative,Aroused
1280,Relaxed,Euphoric,Happy,Focused,Giggly
1281,Relaxed,Happy,Creative,Uplifted,Sleepy
1282,Relaxed,Euphoric,Creative,Tingly,Focused
1284,Relaxed,Hungry,Energetic,Focused,
1285,Relaxed,Hungry,Sleepy,Giggly,
1286,Euphoric,Happy,Energetic,Uplifted,Giggly
1287,Relaxed,Euphoric,Happy,Creative,Uplifted
1288,Relaxed,Euphoric,Happy,Uplifted,
1289,Relaxed,Hungry,Euphoric,Sleepy,
1290,Euphoric,Happy,Energetic,Talkative,Uplifted
1291,Relaxed,Hungry,Euphoric,Happy,Sleepy
1292,Hungry,Happy,Energetic,Talkative,Uplifted
1293,Relaxed,Euphoric,Happy,Uplifted,Sleepy
1294,Relaxed,Hungry,Euphoric,Happy,Sleepy
1295,Relaxed,Creative,Energetic,Uplifted,Sleepy
1296,Relaxed,Euphoric,Tingly,Sleepy,
1299,Relaxed,Euphoric,Creative,Focused,
1300,Relaxed,Happy,Creative,Energetic,Uplifted
1301,Euphoric,Creative,Energetic,Uplifted,Focused
1302,Relaxed,Euphoric,Happy,Uplifted,Focused
1303,Relaxed,Euphoric,Happy,Tingly,
1304,Hungry,Euphoric,Happy,Uplifted,Focused
1305,Happy,Creative,Energetic,Talkative,Focused
1306,Euphoric,Happy,Energetic,Uplifted,Focused
1307,Relaxed,Happy,Creative,Uplifted,Focused
1308,Euphoric,Creative,Energetic,Uplifted,Focused
1309,Relaxed,Euphoric,Happy,Uplifted,Giggly
1310,Relaxed,Hungry,Happy,Energetic,Focused
1311,Relaxed,Euphoric,Happy,Energetic,Uplifted
1312,Relaxed,Euphoric,Happy,Uplifted,Giggly
1313,Relaxed,Euphoric,Happy,Creative,Uplifted
1314,Euphoric,Happy,Creative,Energetic,Giggly
1315,Relaxed,Happy,Sleepy,Focused,
1316,Relaxed,Euphoric,Happy,Tingly,Sleepy
1317,Relaxed,Energetic,Talkative,Giggly,
1318,Euphoric,Happy,Creative,Energetic,Uplifted
1319,Relaxed,Euphoric,Happy,Creative,Focused
1320,Relaxed,Hungry,Euphoric,Happy,Uplifted
1321,Hungry,Focused,Aroused,,
1322,Relaxed,Happy,Uplifted,Tingly,Sleepy
1323,Relaxed,Happy,Talkative,Uplifted,Giggly
1324,Relaxed,Euphoric,Happy,Energetic,Uplifted
1325,Relaxed,Hungry,Euphoric,Happy,Sleepy
1326,Relaxed,Hungry,Euphoric,Happy,Sleepy
1327,Relaxed,Hungry,Euphoric,Happy,Sleepy
1328,Relaxed,Hungry,Happy,Sleepy,Focused
1329,Relaxed,Euphoric,Uplifted,Sleepy,Giggly
1330,Relaxed,Euphoric,Happy,Uplifted,Focused
1331,Relaxed,Euphoric,Happy,Creative,Focused
1332,Relaxed,Hungry,Euphoric,Happy,Tingly
1335,Euphoric,Happy,Creative,Talkative,Uplifted
1336,Relaxed,Hungry,Euphoric,Happy,Creative
1337,Relaxed,Euphoric,Happy,Uplifted,Tingly
1338,Relaxed,Euphoric,Creative,Energetic,Uplifted
1339,Relaxed,Euphoric,Creative,Sleepy,Aroused
1340,Euphoric,Happy,Creative,Energetic,Uplifted
1341,Euphoric,Creative,Talkative,Uplifted,Focused
1342,Relaxed,Euphoric,Happy,Energetic,Uplifted
1343,Relaxed,Euphoric,Happy,Creative,Sleepy
1344,Relaxed,Happy,Sleepy,Giggly,
1345,Relaxed,Euphoric,Energetic,Talkative,Uplifted
1346,Relaxed,Happy,Energetic,Uplifted,Focused
1347,Relaxed,Euphoric,Happy,Uplifted,Focused
1348,Relaxed,Euphoric,Happy,Creative,Talkative
1349,Relaxed,Euphoric,Happy,Creative,Uplifted
1350,Relaxed,Euphoric,Happy,Creative,Uplifted
1351,Relaxed,Euphoric,Happy,Creative,Energetic
1352,Euphoric,Happy,Creative,Energetic,Uplifted
1354,Relaxed,Happy,Creative,Uplifted,Sleepy
1355,Hungry,Euphoric,Talkative,Uplifted,
1356,Relaxed,Hungry,Euphoric,Happy,Sleepy
1357,Relaxed,Hungry,Euphoric,Happy,Uplifted
1358,Relaxed,Hungry,Happy,Sleepy,
1359,Relaxed,Euphoric,Happy,Uplifted,Tingly
1360,Uplifted,Focused,,,
1361,Hungry,Euphoric,Happy,Energetic,Talkative
1362,Relaxed,Hungry,Happy,Tingly,Sleepy
1363,Relaxed,Happy,Energetic,Uplifted,Focused
1364,Relaxed,Euphoric,Creative,Uplifted,Aroused
1365,Euphoric,Happy,Uplifted,Tingly,Giggly
1366,Relaxed,Euphoric,Happy,Creative,Uplifted
1367,Euphoric,Happy,,,
1368,Hungry,Happy,Giggly,,
1369,Relaxed,Euphoric,Happy,,
1370,Euphoric,Happy,Creative,Energetic,
1371,Relaxed,Euphoric,Happy,Talkative,Uplifted
1372,Relaxed,Euphoric,Sleepy,,
1373,Relaxed,Euphoric,Happy,Creative,Energetic
1374,Relaxed,Euphoric,Happy,Energetic,Uplifted
1375,Relaxed,Euphoric,Happy,Creative,Uplifted
1376,Relaxed,Euphoric,Creative,Tingly,Aroused
1377,Relaxed,Hungry,Euphoric,Happy,Sleepy
1378,Relaxed,Happy,Creative,Uplifted,Giggly
1379,Relaxed,Euphoric,Happy,Sleepy,Focused
1380,Relaxed,Hungry,Euphoric,Happy,Sleepy
1381,Relaxed,Hungry,Euphoric,Focused,
1382,Relaxed,Euphoric,Happy,Uplifted,Focused
1383,Relaxed,Euphoric,Happy,Creative,Sleepy
1385,Relaxed,Euphoric,Happy,Energetic,Uplifted
1386,Relaxed,Sleepy,Focused,Aroused,
1387,Euphoric,Happy,Creative,Uplifted,Giggly
1388,Euphoric,Uplifted,,,
1389,Euphoric,Focused,,,
1390,Relaxed,Euphoric,Sleepy,Focused,Giggly
1391,Relaxed,Creative,Sleepy,Giggly,
1392,Euphoric,Happy,Creative,Energetic,Focused
1393,Relaxed,Euphoric,Happy,Tingly,Sleepy
1394,Relaxed,Euphoric,Happy,Sleepy,
1395,Happy,Creative,Energetic,Uplifted,Aroused
1396,Relaxed,Happy,Creative,Energetic,Uplifted
1397,Relaxed,Happy,Creative,Talkative,Uplifted
1398,Relaxed,Hungry,Euphoric,Happy,Sleepy
1399,Relaxed,Happy,Creative,Giggly,Aroused
1400,Euphoric,Happy,Talkative,Uplifted,Giggly
1401,Relaxed,Euphoric,Happy,Focused,Aroused
1402,Euphoric,Creative,Energetic,Talkative,Uplifted
1403,Relaxed,Happy,Creative,Uplifted,Focused
1406,Relaxed,Hungry,Euphoric,Happy,Creative
1407,Euphoric,Happy,Creative,Energetic,Uplifted
1408,Hungry,Energetic,Talkative,Uplifted,Giggly
1409,Relaxed,Euphoric,Happy,Energetic,Uplifted
1410,Relaxed,Euphoric,Happy,Energetic,Uplifted
1411,Happy,Creative,Energetic,Uplifted,Focused
1412,Euphoric,Happy,Creative,Energetic,Uplifted
1413,Relaxed,Happy,Talkative,Uplifted,Focused
1414,Relaxed,Hungry,Euphoric,Creative,Energetic
1415,Relaxed,Hungry,Happy,Focused,Giggly
1417,Relaxed,Hungry,Happy,Uplifted,Giggly
1418,Hungry,Happy,Sleepy,Focused,
1419,Happy,Creative,Uplifted,Focused,
1420,Euphoric,Happy,Energetic,Uplifted,Focused
1421,Relaxed,Euphoric,Happy,Creative,Aroused
1422,Relaxed,Hungry,Happy,Talkative,Uplifted
1423,Relaxed,Euphoric,Sleepy,Giggly,
1424,Relaxed,Euphoric,Happy,Tingly,Sleepy
1425,Relaxed,Euphoric,Happy,Sleepy,
1426,Relaxed,Euphoric,Uplifted,Tingly,Sleepy
1427,Creative,Talkative,Focused,,
1428,Relaxed,Euphoric,Happy,Creative,Uplifted
1429,Euphoric,Happy,Energetic,Talkative,Uplifted
1430,Euphoric,Happy,Talkative,Uplifted,Aroused
1431,Relaxed,Euphoric,Happy,Sleepy,
1432,Relaxed,Energetic,Sleepy,Focused,Giggly
1433,Creative,Aroused,,,
1434,Hungry,Happy,Creative,Uplifted,Aroused
1435,Relaxed,Hungry,Euphoric,Happy,Sleepy
1437,Relaxed,Euphoric,Happy,Uplifted,Sleepy
1438,Relaxed,Euphoric,Happy,Creative,Focused
1439,Relaxed,Happy,Uplifted,Sleepy,Focused
1440,Relaxed,Euphoric,Happy,Uplifted,Focused
1441,Relaxed,Euphoric,Happy,Creative,Sleepy
1442,Relaxed,Euphoric,Creative,,
1443,Relaxed,Hungry,Happy,Tingly,Giggly
1444,Relaxed,Euphoric,Happy,Uplifted,Giggly
1445,Relaxed,Euphoric,Happy,Energetic,Uplifted
1447,Euphoric,Happy,Creative,Energetic,Uplifted
1448,Creative,Energetic,Focused,Giggly,Aroused
1449,Relaxed,Euphoric,Happy,Sleepy,
1450,Relaxed,Happy,Uplifted,Giggly,
1451,Euphoric,Happy,Creative,Uplifted,Focused
1452,Euphoric,Happy,Energetic,Talkative,Uplifted
1453,Hungry,Happy,Creative,Energetic,Sleepy
1455,Relaxed,Euphoric,Happy,Uplifted,Sleepy
1456,Relaxed,Euphoric,Happy,Sleepy,Giggly
1457,Relaxed,Hungry,Euphoric,Happy,Sleepy
1458,Relaxed,Euphoric,Happy,Tingly,Sleepy
1459,Relaxed,Euphoric,Happy,Uplifted,Sleepy
1460,Relaxed,Euphoric,Happy,Uplifted,Sleepy
1461,Relaxed,Euphoric,Happy,Uplifted,
1462,Relaxed,Euphoric,Happy,Creative,Sleepy
1463,Euphoric,Happy,Energetic,Aroused,
1464,Hungry,Euphoric,Happy,Talkative,Uplifted
1465,Relaxed,Euphoric,Happy,Tingly,Sleepy
1466,Relaxed,Euphoric,Happy,Focused,
1467,Relaxed,Euphoric,Happy,Creative,Uplifted
1468,Relaxed,Happy,Uplifted,Tingly,Focused
1469,Relaxed,Hungry,Euphoric,Happy,Uplifted
1470,Relaxed,Happy,Uplifted,Focused,Giggly
1471,Happy,Energetic,Talkative,Focused,
1473,Relaxed,Euphoric,Happy,Tingly,Sleepy
1474,Euphoric,Happy,Creative,Uplifted,Tingly
1475,Relaxed,Euphoric,Happy,Energetic,Tingly
1476,Relaxed,Hungry,Tingly,Sleepy,
1477,Relaxed,Hungry,Creative,Energetic,Focused
1478,Relaxed,Euphoric,Happy,Uplifted,Focused
1479,Relaxed,Hungry,Euphoric,Happy,Uplifted
1480,Relaxed,Hungry,Creative,Uplifted,Sleepy
1481,Relaxed,Hungry,Euphoric,Happy,Uplifted
1482,Happy,Creative,Energetic,Talkative,Uplifted
1483,Euphoric,Happy,Energetic,Talkative,Uplifted
1484,Relaxed,Euphoric,Happy,Creative,Uplifted
1485,Relaxed,Euphoric,Happy,Uplifted,Focused
1486,Relaxed,Happy,Creative,Energetic,Uplifted
1487,Relaxed,Euphoric,Happy,Energetic,Uplifted
1488,Relaxed,Euphoric,Happy,Creative,Uplifted
1489,Happy,Creative,Energetic,Uplifted,Focused
1490,Relaxed,Euphoric,Happy,Energetic,Uplifted
1491,Relaxed,Hungry,Happy,Talkative,Sleepy
1492,Relaxed,Euphoric,Happy,Uplifted,Focused
1493,Relaxed,Hungry,Euphoric,Happy,Uplifted
1494,Relaxed,Euphoric,,,
1495,Relaxed,Happy,Sleepy,,
1496,Relaxed,Happy,Creative,Uplifted,Focused
1497,Relaxed,Euphoric,Happy,Creative,Uplifted
1498,Euphoric,Creative,Energetic,,
1499,Relaxed,Euphoric,Happy,Uplifted,Tingly
1500,Relaxed,Happy,Creative,Uplifted,Giggly
1501,Relaxed,Hungry,Happy,Creative,Energetic
1502,Happy,Energetic,Talkative,Uplifted,Focused
1503,Relaxed,Euphoric,Sleepy,,
1504,Relaxed,Hungry,Euphoric,Happy,Creative
1505,Euphoric,Happy,Creative,Energetic,Uplifted
1506,Euphoric,Creative,Energetic,Uplifted,Focused
1507,Relaxed,Happy,Uplifted,Tingly,Giggly
1508,Relaxed,Euphoric,Happy,Creative,Energetic
1510,Relaxed,Happy,Tingly,Sleepy,
1511,Relaxed,Euphoric,Happy,Creative,Energetic
1512,Relaxed,Euphoric,Happy,Uplifted,Sleepy
1513,Relaxed,Hungry,Happy,Tingly,Sleepy
1515,Relaxed,Euphoric,Happy,Energetic,Uplifted
1516,Euphoric,Happy,Creative,Energetic,Uplifted
1517,Relaxed,Euphoric,Happy,Talkative,Focused
1518,Euphoric,Happy,Creative,Energetic,Uplifted
1519,Relaxed,Hungry,Euphoric,Happy,Sleepy
1520,Relaxed,Hungry,Euphoric,Happy,Sleepy
1521,Relaxed,Euphoric,Happy,Uplifted,Sleepy
1522,Euphoric,Creative,Energetic,Aroused,
1524,Relaxed,Euphoric,Happy,Energetic,Uplifted
1525,Relaxed,Euphoric,Happy,Energetic,Uplifted
1526,Euphoric,Creative,Energetic,Uplifted,Aroused
1527,Relaxed,Euphoric,Happy,Sleepy,Focused
1528,Relaxed,Euphoric,Happy,Focused,Giggly
1529,Happy,Creative,Energetic,Uplifted,Focused
1531,Relaxed,Happy,Creative,Uplifted,Aroused
1532,Hungry,Creative,,,
1534,Relaxed,Euphoric,Happy,Uplifted,Sleepy
1535,Relaxed,Hungry,Euphoric,Happy,Focused
1536,Relaxed,Euphoric,Happy,Energetic,Uplifted
1537,Relaxed,Euphoric,Giggly,,
1538,Relaxed,Euphoric,Happy,Creative,Giggly
1539,Relaxed,Energetic,Talkative,Giggly,
1540,Euphoric,Happy,Creative,Energetic,Focused
1542,Relaxed,Hungry,Euphoric,Happy,Uplifted
1543,Relaxed,Euphoric,Happy,Energetic,Uplifted
1544,Relaxed,Euphoric,Happy,Energetic,Uplifted
1545,Relaxed,Euphoric,Happy,Energetic,Talkative
1546,Relaxed,Talkative,Uplifted,Tingly,Giggly
1547,Relaxed,Euphoric,Happy,Creative,Uplifted
1548,Relaxed,Euphoric,Happy,Energetic,Uplifted
1549,Relaxed,Happy,Creative,Uplifted,
1550,Relaxed,Euphoric,Happy,Energetic,Uplifted
1551,Euphoric,Happy,Energetic,Uplifted,Focused
1552,Relaxed,Euphoric,Happy,Uplifted,Giggly
1553,Relaxed,Euphoric,Happy,Uplifted,Focused
1554,Creative,Energetic,Uplifted,Focused,Aroused
1555,Relaxed,Hungry,Euphoric,Happy,Uplifted
1556,Relaxed,Euphoric,Happy,Talkative,Uplifted
1557,Relaxed,Euphoric,Happy,Talkative,Uplifted
1558,Euphoric,Happy,Creative,Uplifted,Focused
1559,Relaxed,Happy,Sleepy,Focused,
1560,Relaxed,Euphoric,Happy,Uplifted,Focused
1561,Euphoric,Happy,Uplifted,Sleepy,Aroused
1562,Relaxed,Euphoric,Happy,Tingly,Sleepy
1563,Relaxed,Hungry,Euphoric,Happy,Sleepy
1564,Relaxed,Euphoric,Happy,Tingly,Sleepy
1565,Relaxed,Euphoric,Happy,Uplifted,Sleepy
1566,Happy,Creative,Energetic,Uplifted,Aroused
1567,Relaxed,Euphoric,Happy,Uplifted,Sleepy
1568,Relaxed,Happy,Energetic,Uplifted,Focused
1569,Relaxed,Euphoric,Happy,Creative,Sleepy
1570,Relaxed,Euphoric,Happy,Uplifted,
1571,Relaxed,Euphoric,Happy,Creative,Giggly
1572,Tingly,,,,
1573,Relaxed,Euphoric,Happy,Uplifted,Tingly
1575,Relaxed,Hungry,Happy,Sleepy,
1576,Relaxed,Euphoric,Happy,Creative,Sleepy
1577,Relaxed,Euphoric,Happy,Creative,Uplifted
1578,Relaxed,Euphoric,Happy,Creative,Tingly
1579,Relaxed,Hungry,Euphoric,Happy,Sleepy
1580,Relaxed,Hungry,Euphoric,Happy,Sleepy
1581,Relaxed,Hungry,Euphoric,Happy,Sleepy
1582,Relaxed,Euphoric,Happy,Talkative,Uplifted
1583,Relaxed,Hungry,Euphoric,Happy,Sleepy
1584,Relaxed,Hungry,Euphoric,Creative,Sleepy
1585,Relaxed,Happy,Energetic,Uplifted,Giggly
1586,Relaxed,Euphoric,Happy,Creative,Focused
1587,Euphoric,Happy,Creative,Energetic,Focused
1588,Euphoric,Creative,Uplifted,Aroused,
1589,Relaxed,Hungry,Happy,Sleepy,Giggly
1590,Relaxed,Hungry,Euphoric,Happy,Sleepy
1591,Relaxed,Euphoric,Creative,Sleepy,Focused
1592,Relaxed,Euphoric,Happy,Energetic,Uplifted
1593,Relaxed,Hungry,Euphoric,Happy,Sleepy
1594,Relaxed,Hungry,Euphoric,Happy,
1595,Relaxed,Euphoric,Happy,Uplifted,Sleepy
1596,Relaxed,Euphoric,Happy,Uplifted,
1597,Happy,Energetic,Talkative,Uplifted,Giggly
1598,Relaxed,Happy,Creative,Energetic,Uplifted
1599,Euphoric,Happy,Creative,Uplifted,Focused
1600,Relaxed,Euphoric,Creative,Energetic,Focused
1602,Happy,Creative,Uplifted,,
1603,Euphoric,Happy,Energetic,Uplifted,Giggly
1604,Relaxed,Hungry,Euphoric,Sleepy,
1605,Relaxed,Hungry,Euphoric,Happy,Sleepy
1606,Relaxed,Hungry,Euphoric,Happy,Sleepy
1607,Relaxed,Hungry,Euphoric,Happy,Sleepy
1608,Relaxed,Happy,Creative,Energetic,Focused
1609,Relaxed,Euphoric,Happy,Uplifted,Sleepy
1610,Relaxed,Hungry,Happy,Sleepy,
1611,Relaxed,Hungry,Euphoric,Sleepy,Focused
1612,Happy,Energetic,Uplifted,Sleepy,Focused
1614,Relaxed,Hungry,Euphoric,Happy,Sleepy
1615,Relaxed,Hungry,Happy,Tingly,Sleepy
1616,Relaxed,Euphoric,Happy,Talkative,Sleepy
1617,Relaxed,Euphoric,Happy,Creative,Uplifted
1618,Relaxed,Euphoric,Creative,Sleepy,Focused
1619,Relaxed,Hungry,Euphoric,Happy,Sleepy
1620,Relaxed,Euphoric,Happy,Uplifted,Focused
1621,Relaxed,Euphoric,Happy,Uplifted,Sleepy
1622,Relaxed,Euphoric,Happy,Creative,Uplifted
1623,Relaxed,Euphoric,Happy,Uplifted,Sleepy
1624,Relaxed,Euphoric,Happy,Uplifted,
1625,Euphoric,Uplifted,Focused,,
1626,Relaxed,Euphoric,Happy,Creative,Uplifted
1627,Relaxed,Hungry,Tingly,Sleepy,
1628,Relaxed,Euphoric,Happy,Energetic,Uplifted
1629,Relaxed,Hungry,Euphoric,Happy,Uplifted
1630,Relaxed,Euphoric,Happy,Sleepy,Giggly
1631,Relaxed,Euphoric,Happy,Uplifted,Sleepy
1632,Relaxed,Euphoric,Happy,Tingly,Sleepy
1633,Happy,Creative,Energetic,Uplifted,Focused
1634,Relaxed,Hungry,Euphoric,Happy,Talkative
1635,Relaxed,Euphoric,Happy,Uplifted,Sleepy
1636,Relaxed,Euphoric,Happy,Creative,Tingly
1637,Relaxed,Euphoric,Happy,Creative,Uplifted
1638,Relaxed,Euphoric,Happy,Creative,Uplifted
1639,Relaxed,Hungry,Euphoric,Happy,Sleepy
1640,Relaxed,Euphoric,Happy,Creative,Tingly
1641,Relaxed,Euphoric,Creative,Uplifted,Focused
1642,Relaxed,Euphoric,Happy,Uplifted,Sleepy
1643,Relaxed,Hungry,Euphoric,Happy,Sleepy
1645,Relaxed,Euphoric,Creative,Tingly,
1646,Relaxed,Happy,Energetic,Uplifted,Focused
1647,Relaxed,Euphoric,Happy,Uplifted,Sleepy
1648,Relaxed,Euphoric,Happy,Uplifted,Sleepy
1649,Relaxed,Happy,Sleepy,,
1650,Relaxed,Hungry,Euphoric,Happy,Sleepy
1652,Relaxed,Euphoric,Happy,Giggly,Aroused
1653,Relaxed,Euphoric,Sleepy,,
1654,Relaxed,Happy,Creative,Sleepy,Giggly
1655,Relaxed,Euphoric,Creative,Uplifted,Focused
1657,Relaxed,Happy,Energetic,Talkative,Uplifted
1658,Relaxed,Hungry,Euphoric,Uplifted,Sleepy
1659,Relaxed,Euphoric,Happy,Uplifted,Sleepy
1660,Relaxed,Hungry,Euphoric,Happy,Tingly
1661,Euphoric,Happy,Creative,Uplifted,Aroused
1662,Happy,Creative,Focused,Giggly,
1663,Relaxed,Euphoric,Happy,Uplifted,
1664,Hungry,Tingly,Sleepy,,
1665,Relaxed,Hungry,Sleepy,Giggly,
1666,Relaxed,Euphoric,Happy,Uplifted,Giggly
1667,Relaxed,Hungry,Happy,Sleepy,
1668,Relaxed,Euphoric,Happy,Creative,Uplifted
1670,Relaxed,Euphoric,Happy,Energetic,Uplifted
1671,Relaxed,Hungry,Euphoric,Happy,Uplifted
1672,Relaxed,Hungry,Euphoric,Happy,Sleepy
1673,Relaxed,Euphoric,Happy,Creative,Energetic
1674,Relaxed,Happy,Creative,Focused,
1675,Relaxed,Euphoric,Happy,Creative,Sleepy
1676,Happy,Uplifted,Tingly,Giggly,
1677,Euphoric,Happy,Creative,Energetic,Uplifted
1678,Relaxed,Euphoric,Happy,Uplifted,Focused
1679,Relaxed,Happy,Creative,Energetic,Uplifted
1680,Relaxed,Euphoric,Happy,Energetic,Sleepy
1681,Relaxed,Happy,Creative,Energetic,Talkative
1682,Relaxed,Euphoric,Happy,Uplifted,Sleepy
1683,Tingly,Sleepy,,,
1684,Relaxed,Hungry,Happy,Tingly,Focused
1685,Relaxed,Hungry,Happy,Uplifted,Sleepy
1686,Relaxed,Happy,Uplifted,,
1688,Relaxed,Hungry,Euphoric,Happy,Uplifted
1689,Relaxed,Happy,Talkative,Uplifted,Aroused
1690,Relaxed,Euphoric,Happy,Creative,Giggly
1691,Relaxed,Euphoric,Happy,Uplifted,Sleepy
1692,Relaxed,Euphoric,Happy,Focused,Giggly
1693,Relaxed,Euphoric,Happy,Energetic,Uplifted
1694,Relaxed,Euphoric,Happy,Uplifted,Sleepy
1695,Relaxed,Hungry,Uplifted,Sleepy,
1696,Relaxed,Euphoric,Happy,Tingly,Sleepy
1697,Euphoric,Happy,Uplifted,Giggly,Aroused
1699,Relaxed,Euphoric,Happy,Creative,Giggly
1700,Relaxed,Hungry,Euphoric,Happy,Sleepy
1701,Relaxed,Euphoric,Happy,Sleepy,Giggly
1702,Happy,Creative,Energetic,Uplifted,Focused
1703,Relaxed,Euphoric,Happy,Uplifted,Giggly
1704,Relaxed,Euphoric,Happy,Energetic,Uplifted
1705,Relaxed,Euphoric,Happy,Talkative,Sleepy
1706,Relaxed,Euphoric,Happy,Sleepy,
1707,Relaxed,Happy,Energetic,Uplifted,Focused
1708,Happy,Creative,Energetic,Uplifted,Focused
1709,Relaxed,Euphoric,Happy,Talkative,
1710,Relaxed,Happy,Energetic,Uplifted,Focused
1713,Relaxed,Euphoric,Uplifted,Focused,
1714,Relaxed,Hungry,Happy,Sleepy,Focused
1715,Relaxed,Hungry,Happy,Uplifted,Aroused
1716,Relaxed,Hungry,Happy,Talkative,Aroused
1717,Relaxed,Hungry,Euphoric,Happy,
1718,Creative,Aroused,,,
1721,Relaxed,Happy,Uplifted,Focused,
1722,Relaxed,Euphoric,Happy,Creative,Sleepy
1723,Relaxed,Hungry,Euphoric,Happy,
1724,Relaxed,Hungry,Euphoric,Happy,Giggly
1725,Relaxed,Happy,Energetic,Uplifted,Giggly
1726,Relaxed,Euphoric,Happy,Creative,Sleepy
1727,Relaxed,Euphoric,Happy,Uplifted,Sleepy
1728,Relaxed,Euphoric,Happy,Uplifted,Sleepy
1729,Relaxed,Hungry,Euphoric,Happy,Sleepy
1730,Relaxed,Hungry,Euphoric,Sleepy,Giggly
1732,Relaxed,Euphoric,Happy,Uplifted,
1733,Relaxed,Euphoric,Creative,Uplifted,Focused
1734,Relaxed,Happy,Uplifted,Giggly,
1735,Relaxed,Euphoric,Happy,Energetic,Uplifted
1736,Hungry,Happy,Creative,Giggly,
1737,Relaxed,Euphoric,Happy,Uplifted,Sleepy
1738,Relaxed,Creative,Tingly,Sleepy,Focused
1739,Relaxed,Euphoric,Energetic,Focused,
1740,Relaxed,Happy,Energetic,Uplifted,Giggly
1741,Relaxed,Euphoric,Creative,Uplifted,Focused
1742,Relaxed,Happy,Uplifted,Sleepy,Giggly
1743,Relaxed,Hungry,Happy,Tingly,
1744,Euphoric,Happy,Creative,Energetic,Uplifted
1745,Hungry,Happy,Talkative,Uplifted,Focused
1746,Relaxed,Euphoric,Happy,Uplifted,Sleepy
1747,Relaxed,Hungry,Euphoric,Happy,Uplifted
1748,Relaxed,Euphoric,Happy,Uplifted,Sleepy
1749,Relaxed,Euphoric,Happy,Uplifted,Focused
1750,Relaxed,Happy,Tingly,Sleepy,Focused
1751,Relaxed,Euphoric,Happy,Creative,Uplifted
1752,Relaxed,Euphoric,Happy,Energetic,Uplifted
1753,Relaxed,Euphoric,Happy,Sleepy,Focused
1754,Relaxed,Euphoric,Happy,Uplifted,Focused
1755,Relaxed,Hungry,Euphoric,Happy,Sleepy
1756,Relaxed,Euphoric,Happy,Energetic,Uplifted
1757,Relaxed,Happy,Talkative,Sleepy,
1758,Relaxed,Euphoric,Happy,Creative,Energetic
1759,Creative,Aroused,,,
1760,Relaxed,Euphoric,Happy,Sleepy,
1761,Relaxed,Happy,Uplifted,Sleepy,Focused
1762,Relaxed,Happy,Creative,Energetic,Uplifted
1763,Relaxed,Euphoric,Happy,Sleepy,
1764,Euphoric,Happy,Energetic,Uplifted,Focused
1765,Relaxed,Euphoric,Happy,Creative,Uplifted
1767,Euphoric,Happy,Focused,Giggly,Aroused
1768,Relaxed,Happy,Creative,Energetic,Uplifted
1769,Relaxed,Euphoric,Happy,Uplifted,Sleepy
1770,Relaxed,Euphoric,Happy,Creative,Uplifted
1771,Relaxed,Happy,Creative,Talkative,Giggly
1772,Relaxed,Hungry,Euphoric,Creative,Talkative
1773,Euphoric,Happy,Creative,Talkative,Uplifted
1774,Relaxed,Euphoric,Happy,Creative,Talkative
1775,Relaxed,Euphoric,Happy,Creative,Uplifted
1776,Relaxed,Happy,Creative,Uplifted,
1777,Relaxed,Euphoric,Happy,Uplifted,Sleepy
1778,Relaxed,Euphoric,Energetic,Uplifted,Focused
1779,Hungry,Happy,Creative,Energetic,Focused
1780,Relaxed,Hungry,Creative,Uplifted,
1781,Relaxed,Happy,Energetic,Uplifted,Focused
1782,Relaxed,Euphoric,Happy,Energetic,Uplifted
1783,Hungry,Happy,Focused,,
1784,Relaxed,Euphoric,Energetic,Uplifted,
1785,Relaxed,Euphoric,Happy,Focused,
1786,Relaxed,Euphoric,Happy,Uplifted,Focused
1787,Relaxed,Euphoric,Happy,Sleepy,
1789,Relaxed,Euphoric,Happy,Creative,Uplifted
1790,Relaxed,Euphoric,Happy,Uplifted,Sleepy
1791,Relaxed,Euphoric,Happy,Energetic,Uplifted
1792,Relaxed,Euphoric,Happy,Uplifted,Focused
1793,Relaxed,Hungry,Euphoric,Happy,Giggly
1794,Relaxed,,,,
1795,Relaxed,Euphoric,Happy,Creative,Giggly
1796,Euphoric,Happy,Talkative,Uplifted,Aroused
1797,Relaxed,Happy,Uplifted,Sleepy,Focused
1799,Euphoric,Happy,Energetic,Uplifted,Giggly
1800,Relaxed,Happy,Creative,Uplifted,Giggly
1802,Energetic,Uplifted,Tingly,,
1803,Euphoric,Happy,Energetic,Uplifted,Focused
1804,Euphoric,Creative,Energetic,Focused,Aroused
1805,Relaxed,Euphoric,Happy,Uplifted,Sleepy
1806,Relaxed,Hungry,Euphoric,Happy,Giggly
1807,Euphoric,Happy,Creative,Energetic,Uplifted
1808,Relaxed,Euphoric,Uplifted,Tingly,Giggly
1809,Relaxed,Happy,Sleepy,Giggly,
1810,Relaxed,Euphoric,Happy,Uplifted,Tingly
1812,Relaxed,Euphoric,Happy,Creative,Uplifted
1813,Relaxed,Euphoric,Happy,Creative,Uplifted
1814,Relaxed,Hungry,Euphoric,Happy,Giggly
1815,Relaxed,Happy,Uplifted,,
1816,Relaxed,Happy,Creative,Uplifted,Focused
1817,Relaxed,Hungry,Euphoric,Happy,Focused
1818,Relaxed,Euphoric,Happy,Creative,Uplifted
1819,Relaxed,Happy,Energetic,Talkative,Focused
1820,Relaxed,Hungry,Euphoric,Happy,Sleepy
1821,Relaxed,Euphoric,Uplifted,Sleepy,Giggly
1822,Relaxed,Euphoric,Happy,Creative,Focused
1823,Relaxed,Hungry,Euphoric,Happy,Sleepy
1824,Relaxed,Euphoric,Happy,Energetic,Uplifted
1825,Relaxed,Euphoric,Happy,Uplifted,Focused
1826,Relaxed,Euphoric,Happy,Uplifted,Giggly
1827,Euphoric,Happy,Creative,Tingly,Focused
1828,Relaxed,Happy,Energetic,Uplifted,Focused
1829,Relaxed,Euphoric,Happy,Tingly,Focused
1830,Happy,Energetic,Uplifted,Tingly,Focused
1831,Euphoric,Happy,Creative,Energetic,Focused
1832,Relaxed,Euphoric,Happy,Energetic,Uplifted
1833,Relaxed,Euphoric,Energetic,Uplifted,Focused
1834,Relaxed,Euphoric,Happy,Energetic,Uplifted
1835,Euphoric,Happy,Creative,Energetic,
1836,Euphoric,Happy,Energetic,Uplifted,Giggly
1837,Relaxed,Hungry,Euphoric,Happy,Uplifted
1838,Relaxed,Euphoric,Happy,Energetic,Uplifted
1839,Relaxed,Euphoric,Happy,Creative,Uplifted
1840,Relaxed,Euphoric,Creative,Energetic,Uplifted
1841,Creative,Energetic,Talkative,Uplifted,Aroused
1842,Relaxed,Euphoric,Happy,Uplifted,Tingly
1843,Relaxed,Euphoric,Happy,Uplifted,Aroused
1844,Euphoric,Happy,Energetic,Uplifted,Focused
1845,Relaxed,Euphoric,Happy,Creative,Uplifted
1846,Relaxed,Euphoric,Happy,Energetic,Uplifted
1847,Euphoric,Happy,Energetic,Uplifted,Giggly
1848,Relaxed,Happy,Uplifted,Sleepy,
1849,Relaxed,Hungry,Happy,Sleepy,Giggly
1850,Happy,Creative,Energetic,Uplifted,Focused
1851,Happy,Creative,Energetic,Uplifted,Focused
1852,Relaxed,Euphoric,Happy,Uplifted,Sleepy
1853,Relaxed,Euphoric,Happy,Uplifted,Sleepy
1854,Relaxed,Hungry,Happy,Sleepy,
1855,Relaxed,Euphoric,Happy,Uplifted,Aroused
1857,Relaxed,Euphoric,Happy,Creative,Uplifted
1858,Hungry,Euphoric,Happy,Uplifted,Giggly
1859,Relaxed,Happy,Creative,Energetic,Focused
1860,Relaxed,Euphoric,Happy,Creative,Talkative
1861,Happy,Creative,Talkative,Giggly,
1862,Hungry,Creative,Focused,Aroused,
1864,Hungry,Euphoric,Happy,Focused,
1865,Relaxed,Happy,Creative,Energetic,Uplifted
1867,Relaxed,Euphoric,Happy,Creative,Uplifted
1868,Relaxed,Euphoric,Happy,Creative,Uplifted
1869,Happy,Creative,Energetic,Uplifted,Focused
1870,Hungry,Euphoric,Happy,Talkative,Uplifted
1871,Relaxed,Euphoric,Happy,Creative,
1872,Happy,Creative,Energetic,Uplifted,Focused
1873,Relaxed,Euphoric,Happy,Focused,
1874,Relaxed,Euphoric,Happy,Creative,Uplifted
1875,Relaxed,Happy,Creative,Sleepy,Giggly
1876,Euphoric,Happy,Uplifted,Giggly,
1877,Relaxed,Euphoric,Happy,Sleepy,
1878,Creative,Energetic,,,
1879,Euphoric,Happy,Energetic,Uplifted,Focused
1880,Happy,Energetic,Talkative,Uplifted,Focused
1881,Relaxed,Hungry,Euphoric,Happy,Uplifted
1882,Euphoric,Happy,Creative,Energetic,Uplifted
1883,Relaxed,Euphoric,Happy,Creative,Focused
1884,Relaxed,Euphoric,Happy,Energetic,Uplifted
1885,Euphoric,Happy,Creative,Uplifted,Giggly
1886,Relaxed,Hungry,Euphoric,Happy,Creative
1887,Relaxed,Euphoric,Happy,Energetic,Uplifted
1888,Euphoric,Happy,Energetic,Uplifted,Focused
1889,Relaxed,Happy,Uplifted,Focused,
1890,Euphoric,Happy,Creative,Energetic,Tingly
1891,Relaxed,Euphoric,Happy,Energetic,Uplifted
1892,Euphoric,Happy,Creative,Talkative,Giggly
1893,Relaxed,Euphoric,Happy,Sleepy,Giggly
1894,Relaxed,Euphoric,Happy,Uplifted,Focused
1895,Relaxed,Hungry,Euphoric,Happy,Sleepy
1896,Relaxed,Euphoric,Happy,Uplifted,Tingly
1897,Relaxed,Euphoric,Energetic,Focused,Aroused
1898,Relaxed,Hungry,Euphoric,Happy,Uplifted
1899,Relaxed,Euphoric,,,
1900,Relaxed,Hungry,Uplifted,Sleepy,Focused
1901,Hungry,Happy,Uplifted,Sleepy,
1902,Relaxed,Happy,Talkative,Sleepy,
1903,Relaxed,Euphoric,Happy,Creative,Uplifted
1904,Relaxed,Euphoric,Happy,Tingly,Sleepy
1905,Euphoric,Happy,Creative,Energetic,Uplifted
1906,Relaxed,Hungry,Euphoric,Sleepy,
1907,Relaxed,Happy,Energetic,Talkative,Uplifted
1908,Relaxed,Euphoric,Happy,Uplifted,Giggly
1909,Relaxed,Hungry,Happy,Talkative,Sleepy
1910,Euphoric,Happy,Creative,Aroused,
1911,Happy,Creative,Focused,Aroused,
1912,Relaxed,Hungry,Euphoric,Energetic,Sleepy
1913,Relaxed,Euphoric,Happy,Uplifted,Focused
1914,Relaxed,Euphoric,Happy,Focused,
1915,Relaxed,Euphoric,Creative,Uplifted,Focused
1917,Relaxed,Hungry,Happy,Uplifted,Sleepy
1918,Relaxed,Euphoric,Happy,Uplifted,Sleepy
1919,Hungry,Euphoric,Happy,Creative,Giggly
1920,Relaxed,Hungry,Happy,Uplifted,Focused
1921,Relaxed,Happy,Creative,Energetic,Tingly
1923,Relaxed,Happy,Uplifted,Focused,Giggly
1924,Relaxed,Euphoric,Happy,Energetic,Uplifted
1925,Relaxed,Happy,Creative,Uplifted,Focused
1926,Relaxed,Hungry,Happy,Talkative,Giggly
1928,Euphoric,Happy,Energetic,Talkative,Uplifted
1929,Relaxed,Euphoric,Happy,Tingly,Sleepy
1930,Relaxed,Hungry,Euphoric,Happy,Sleepy
1931,Relaxed,Hungry,Creative,,
1932,Relaxed,Hungry,Happy,Giggly,Aroused
1933,Euphoric,Happy,Energetic,Uplifted,Focused
1934,Relaxed,Talkative,Uplifted,Sleepy,Giggly
1936,Relaxed,Happy,Creative,Energetic,Uplifted
1937,Relaxed,Euphoric,Happy,Energetic,Uplifted
1938,Euphoric,Happy,Creative,Energetic,Uplifted
1939,Relaxed,Euphoric,Happy,Uplifted,Sleepy
1940,Hungry,Euphoric,Happy,Energetic,Uplifted
1941,Relaxed,Euphoric,Happy,Energetic,Uplifted
1942,Euphoric,Happy,Creative,Energetic,Tingly
1943,Euphoric,Happy,Creative,Energetic,Uplifted
1944,Relaxed,Hungry,Euphoric,Creative,Talkative
1945,Happy,Creative,Energetic,Talkative,Giggly
1946,Relaxed,Happy,Talkative,Uplifted,Focused
1947,Euphoric,Creative,Energetic,Focused,
1949,Happy,Energetic,Uplifted,Sleepy,Focused
1950,Relaxed,Happy,Creative,Sleepy,
1951,Relaxed,Euphoric,Happy,Uplifted,
1952,Relaxed,Creative,Energetic,Uplifted,Tingly
1953,Relaxed,Happy,Energetic,Uplifted,Focused
1954,Relaxed,Happy,Creative,Energetic,Uplifted
1955,Euphoric,Happy,Creative,Energetic,Aroused
1956,Euphoric,Happy,Energetic,Uplifted,Focused
1957,Energetic,Uplifted,Focused,,
1960,Relaxed,Euphoric,Happy,Sleepy,Focused
1961,Happy,Creative,Energetic,Uplifted,Focused
1962,Creative,Energetic,Uplifted,Focused,Aroused
1963,Euphoric,Happy,Energetic,Aroused,
1964,Euphoric,Happy,Energetic,Uplifted,Giggly
1965,Relaxed,Hungry,Euphoric,Happy,Sleepy
1966,Relaxed,Euphoric,Happy,Uplifted,Sleepy
1968,Euphoric,Happy,Creative,Energetic,
1969,Relaxed,Hungry,Euphoric,Happy,Sleepy
1970,Relaxed,Hungry,Euphoric,Creative,Sleepy
1971,Relaxed,Euphoric,Happy,Sleepy,Giggly
1972,Relaxed,Euphoric,Happy,Creative,Focused
1973,Relaxed,Euphoric,Happy,Uplifted,Giggly
1974,Relaxed,Uplifted,Sleepy,,
1975,Relaxed,Creative,Uplifted,Tingly,Aroused
1976,Euphoric,Happy,Creative,Energetic,Uplifted
1977,Relaxed,Euphoric,Happy,Uplifted,Focused
1978,Relaxed,Euphoric,Happy,Talkative,Uplifted
1979,Relaxed,Euphoric,Happy,Uplifted,Sleepy
1980,Relaxed,Happy,Creative,Uplifted,Aroused
1981,Relaxed,Euphoric,Happy,Uplifted,
1982,Relaxed,Euphoric,Happy,Creative,Uplifted
1983,Hungry,Euphoric,Happy,Energetic,Uplifted
1984,Euphoric,Creative,Energetic,Uplifted,Tingly
1985,Relaxed,Hungry,Happy,Sleepy,
1986,Euphoric,Happy,Creative,Uplifted,Focused
1987,Relaxed,Happy,Creative,Uplifted,Tingly
1988,Euphoric,Happy,Creative,Energetic,Giggly
1989,Euphoric,Happy,Tingly,Giggly,
1990,Relaxed,Hungry,Euphoric,Happy,Sleepy
1991,Relaxed,Happy,,,
1992,Hungry,Euphoric,Happy,Uplifted,Focused
1993,Euphoric,Happy,Energetic,Uplifted,Focused
1994,Relaxed,Hungry,Happy,Creative,
1995,Euphoric,Happy,Creative,Energetic,Tingly
1996,Relaxed,Euphoric,Happy,Uplifted,Sleepy
1997,Relaxed,Happy,Creative,Energetic,Focused
1999,Relaxed,Euphoric,Happy,Tingly,Sleepy
2000,Relaxed,Hungry,Happy,Energetic,Uplifted
2001,Relaxed,Euphoric,Happy,Uplifted,Sleepy
2002,Relaxed,Euphoric,Happy,Energetic,Uplifted
2003,Relaxed,Hungry,Sleepy,,
2005,Relaxed,Euphoric,Happy,Uplifted,Focused
2006,Happy,Creative,Energetic,Uplifted,Aroused
2007,Relaxed,Happy,Energetic,Focused,
2008,Relaxed,Happy,Creative,Energetic,Uplifted
2009,Relaxed,Euphoric,Happy,Energetic,Sleepy
2010,Relaxed,Euphoric,Happy,Creative,Uplifted
2011,Relaxed,Happy,Uplifted,Tingly,Sleepy
2012,Relaxed,Hungry,Euphoric,Uplifted,Tingly
2013,Relaxed,Euphoric,Happy,Focused,Aroused
2014,Relaxed,Hungry,Euphoric,Happy,Sleepy
2015,Relaxed,Euphoric,Happy,Creative,Uplifted
2016,Happy,Energetic,Talkative,Uplifted,
2017,Euphoric,Happy,Creative,Energetic,Uplifted
2018,Relaxed,Euphoric,Happy,Focused,
2019,Relaxed,Hungry,Euphoric,Energetic,Uplifted
2020,Relaxed,Euphoric,Happy,Uplifted,Sleepy
2022,Euphoric,Aroused,,,
2023,Relaxed,Happy,Energetic,Talkative,Giggly
2024,Relaxed,Hungry,Happy,Uplifted,Sleepy
2025,Hungry,Euphoric,Happy,Uplifted,Focused
2026,Euphoric,Happy,Creative,Energetic,Uplifted
2027,Relaxed,Euphoric,Happy,Creative,Energetic
2028,Hungry,Happy,Creative,Energetic,
2029,Euphoric,Happy,Creative,Energetic,Uplifted
2030,Relaxed,Hungry,Euphoric,Sleepy,
2031,Hungry,Uplifted,Tingly,Sleepy,
2032,Relaxed,Euphoric,Happy,Energetic,Uplifted
2033,Relaxed,Happy,Talkative,Tingly,Sleepy
2034,Euphoric,Energetic,Talkative,Uplifted,Aroused
2035,Hungry,Giggly,,,
2036,Relaxed,Happy,Uplifted,Sleepy,Aroused
2037,Relaxed,Hungry,Happy,Creative,Uplifted
2038,Relaxed,Creative,Uplifted,Tingly,
2039,Relaxed,Euphoric,Happy,Uplifted,Focused
2040,Relaxed,Euphoric,Happy,Uplifted,Sleepy
2041,Relaxed,Euphoric,Happy,Energetic,Uplifted
2042,Relaxed,Hungry,Euphoric,Happy,Sleepy
2043,Relaxed,Hungry,Euphoric,Creative,Giggly
2044,Relaxed,Hungry,Euphoric,Happy,
2045,Relaxed,Hungry,Euphoric,Happy,Energetic
2046,Relaxed,Euphoric,Happy,Sleepy,
2048,Euphoric,Creative,Energetic,Uplifted,
2050,Relaxed,Happy,Creative,Energetic,Uplifted
2051,Relaxed,Euphoric,Happy,Uplifted,Sleepy
2052,Relaxed,Euphoric,Happy,Creative,Uplifted
2053,Euphoric,Happy,Creative,Energetic,Uplifted
2054,Relaxed,Hungry,Euphoric,Happy,Uplifted
2055,Euphoric,Happy,Creative,Energetic,Focused
2057,Relaxed,Euphoric,Happy,Sleepy,Focused
2058,Relaxed,Euphoric,Happy,Uplifted,Focused
2059,Euphoric,Happy,Creative,Energetic,Uplifted
2060,Hungry,Euphoric,Happy,Energetic,Uplifted
2061,Euphoric,Happy,Energetic,Talkative,Uplifted
2062,Relaxed,Happy,Uplifted,Sleepy,Giggly
2063,Relaxed,Hungry,Euphoric,Tingly,
2064,Relaxed,Happy,Energetic,Uplifted,Focused
2065,Hungry,Euphoric,Creative,Tingly,
2066,Relaxed,Euphoric,Happy,Uplifted,Focused
2067,Relaxed,Happy,Creative,Sleepy,
2069,Relaxed,Euphoric,Happy,Energetic,Uplifted
2070,Relaxed,Euphoric,Happy,Uplifted,Sleepy
2071,Relaxed,Euphoric,Happy,Uplifted,Focused
2072,Relaxed,Hungry,Euphoric,Happy,Sleepy
2073,Relaxed,Happy,Talkative,Uplifted,Sleepy
2074,Relaxed,Euphoric,Happy,Creative,Uplifted
2075,Relaxed,Euphoric,Happy,Uplifted,Focused
2076,Relaxed,Euphoric,Sleepy,Aroused,
2077,Relaxed,Euphoric,Creative,Sleepy,Giggly
2078,Euphoric,Happy,Creative,Energetic,Uplifted
2079,Relaxed,Euphoric,Happy,Sleepy,
2080,Relaxed,Euphoric,Happy,Creative,Uplifted
2081,Relaxed,Euphoric,Happy,Sleepy,Focused
2082,Relaxed,Euphoric,Happy,Creative,Aroused
2083,Giggly,,,,
2084,Relaxed,Euphoric,Happy,Energetic,Uplifted
2085,Relaxed,Euphoric,Creative,Energetic,Aroused
2086,Relaxed,Euphoric,Happy,Focused,
2087,Relaxed,Euphoric,Happy,Uplifted,Sleepy
2088,Relaxed,Hungry,Euphoric,Talkative,
2089,Relaxed,Euphoric,Talkative,Uplifted,Focused
2090,Relaxed,Hungry,Euphoric,Happy,Talkative
2091,Relaxed,Happy,Energetic,Uplifted,Focused
2092,Euphoric,Happy,Energetic,Uplifted,Focused
2093,Relaxed,Euphoric,Happy,Uplifted,Sleepy
2094,Relaxed,Euphoric,Happy,Uplifted,Sleepy
2095,Relaxed,Hungry,Euphoric,Happy,Sleepy
2096,Relaxed,Euphoric,Happy,Uplifted,Sleepy
2097,Relaxed,Euphoric,Happy,Creative,Uplifted
2098,Relaxed,Hungry,Euphoric,Happy,Uplifted
2099,Relaxed,Euphoric,Happy,Focused,Giggly
2100,Euphoric,Happy,Creative,Energetic,Talkative
2101,Relaxed,Happy,Energetic,Uplifted,Sleepy
2102,Relaxed,Euphoric,Happy,Giggly,
2103,Relaxed,Hungry,Happy,Uplifted,Sleepy
2104,Relaxed,Euphoric,Happy,Energetic,Uplifted
2105,Relaxed,Euphoric,Happy,Creative,Uplifted
2106,Relaxed,Euphoric,Happy,Talkative,Focused
2107,Euphoric,Happy,Creative,Uplifted,Focused
2108,Relaxed,Hungry,Euphoric,Happy,Sleepy
2109,Relaxed,Euphoric,Happy,Uplifted,Focused
2110,Relaxed,Euphoric,Happy,Uplifted,Sleepy
2111,Relaxed,Happy,Talkative,Giggly,
2112,Relaxed,Euphoric,Happy,Creative,Uplifted
2114,Relaxed,Happy,Energetic,Uplifted,Focused
2115,Relaxed,Creative,Talkative,Uplifted,
2116,Relaxed,Euphoric,Happy,Uplifted,Tingly
2117,Relaxed,Happy,Creative,Talkative,Uplifted
2118,Creative,Energetic,Talkative,Uplifted,Focused
2119,Happy,,,,
2120,Relaxed,Euphoric,Happy,Uplifted,Sleepy
2121,Relaxed,Euphoric,Happy,Creative,Energetic
2123,Relaxed,Euphoric,Happy,Energetic,Uplifted
2124,Relaxed,Euphoric,Happy,Creative,Uplifted
2125,Euphoric,Happy,Creative,Focused,
2126,Relaxed,Euphoric,Happy,Uplifted,Sleepy
2127,Euphoric,Creative,Aroused,,
2128,Relaxed,Euphoric,Happy,Creative,Uplifted
2129,Relaxed,Euphoric,Happy,Energetic,Talkative
2130,Relaxed,Euphoric,Happy,Sleepy,Giggly
2131,Happy,Creative,Energetic,Uplifted,Focused
2132,Euphoric,Creative,Energetic,Focused,Aroused
2133,Relaxed,Happy,Uplifted,Aroused,
2134,Relaxed,Euphoric,Tingly,Sleepy,Aroused
2135,Hungry,Euphoric,Happy,Creative,Uplifted
2136,Relaxed,Hungry,Euphoric,Happy,Sleepy
2137,Relaxed,Euphoric,Talkative,,
2138,Relaxed,Euphoric,Happy,Uplifted,
2139,Relaxed,Happy,Talkative,Uplifted,
2141,Relaxed,Euphoric,Happy,Uplifted,Aroused
2142,Relaxed,Hungry,Happy,Creative,Sleepy
2143,Relaxed,Hungry,Euphoric,Happy,Uplifted
2144,Relaxed,Euphoric,Happy,Energetic,Uplifted
2145,Relaxed,Euphoric,Happy,Energetic,Talkative
2146,Relaxed,Euphoric,Happy,Uplifted,Sleepy
2147,Happy,Creative,Energetic,Talkative,Focused
2148,Happy,Energetic,Talkative,Uplifted,Focused
2149,Relaxed,Euphoric,Happy,Sleepy,
2150,Relaxed,Hungry,Euphoric,Happy,Sleepy
2151,Relaxed,Hungry,Happy,Tingly,Sleepy
2152,Euphoric,Uplifted,Tingly,,
2153,Relaxed,Euphoric,Happy,Uplifted,Sleepy
2154,Relaxed,Creative,Energetic,Focused,Giggly
2156,Relaxed,Happy,Energetic,Uplifted,Focused
2157,Relaxed,Happy,Energetic,Uplifted,Focused
2158,Relaxed,Happy,Energetic,Uplifted,Focused
2159,Relaxed,Euphoric,Happy,Uplifted,Sleepy
2160,Relaxed,Euphoric,Happy,Sleepy,Giggly
2161,Relaxed,Hungry,Happy,Uplifted,Giggly
2162,Euphoric,Happy,Creative,Energetic,Aroused