id,negativeeffects1,negativeeffects2,negativeeffects3,negativeeffects4,negativeeffects5
1,Dizzy,,,,
2,Dry Mouth,,,,
3,Dizzy,Dry Mouth,Paranoid,,
4,Dizzy,Dry Mouth,Paranoid,Dry Eyes,
5,Dizzy,Dry Mouth,Paranoid,Dry Eyes,
6,Dry Mouth,Dry Eyes,,,
8,Dizzy,Paranoid,Dry Eyes,Anxious,
9,,,,,
10,Dizzy,Dry Mouth,Paranoid,Dry Eyes,
11,Dizzy,Dry Mouth,Paranoid,Dry Eyes,
12,Dizzy,Dry Mouth,Paranoid,Dry Eyes,
13,,,,,
14,Dry Mouth,,,,
15,Dizzy,Dry Mouth,Dry Eyes,Anxious,
16,Dry Mouth,Dry Eyes,,,
17,Dry Mouth,,,,
18,Dizzy,Dry Mouth,,,
19,Dizzy,Dry Mouth,,,
20,Dizzy,Dry Mouth,Paranoid,Dry Eyes,Anxious
21,,,,,
22,,,,,
23,,,,,
24,Dizzy,Dry Mouth,Paranoid,Dry Eyes,
25,Dizzy,Dry Mouth,Paranoid,Dry Eyes,Anxious
26,,,,,
27,Dry Mouth,,,,
28,Dizzy,Dry Mouth,Paranoid,Dry Eyes,Anxious
29,,,,,
30,Dry Mouth,,,,
31,Dry Mouth,,,,
32,,,,,
33,Dizzy,Dry Mouth,Paranoid,Dry Eyes,Anxious
34,Dry Eyes,,,,
35,Dizzy,Dry Mouth,Dry Eyes,,
36,Dry Mouth,Dry Eyes,,,
37,Dry Mouth,Paranoid,Dry Eyes,,
38,Dizzy,Dry Mouth,Dry Eyes,Anxious,
40,Dry Mouth,,,,
41,Dizzy,Dry Mouth,Paranoid,Dry Eyes,
42,,,,,
43,Dry Mouth,,,,
44,Dizzy,Dry Mouth,Dry Eyes,Anxious,
45,Dry Mouth,Dry Eyes,,,
46,Dry Mouth,Dry Eyes,,,
47,,,,,
50,Dry Mouth,Paranoid,Dry Eyes,Anxious,
52,Dizzy,Dry Mouth,Paranoid,Dry Eyes,
53,,,,,
54,Dry Mouth,Dry Eyes,,,
55,Dizzy,Dry Mouth,Paranoid,Dry Eyes,
56,Dry Mouth,,,,
57,Dizzy,Dry Mouth,Paranoid,Dry Eyes,Anxious
58,Dry Mouth,,,,
59,Dry Mouth,,,,
60,Dizzy,Dry Mouth,Paranoid,Dry Eyes,
61,Dizzy,Dry Mouth,Paranoid,Dry Eyes,
62,Dry Eyes,,,,
63,,,,,
64,Dizzy,Dry Eyes,Anxious,,
65,Dry Mouth,Dry Eyes,,,
66,,,,,
68,,,,,
69,Dry Mouth,,,,
70,Dry Mouth,,,,
71,Dizzy,Dry Mouth,Dry Eyes,,
72,Dizzy,Dry Mouth,Paranoid,Dry Eyes,
73,Dry Mouth,Dry Eyes,,,
74,Dizzy,Dry Mouth,Paranoid,Dry Eyes,
75,Dizzy,Dry Mouth,,,
76,Dizzy,Dry Mouth,Dry Eyes,Anxious,
77,Dizzy,Dry Mouth,Paranoid,Dry Eyes,
78,,,,,
79,,,,,
80,Dry Mouth,,,,
81,Dry Mouth,Dry Eyes,,,
82,Dry Mouth,Dry Eyes,,,
83,Dizzy,Dry Mouth,Paranoid,Dry Eyes,
84,Dry Mouth,Dry Eyes,,,
85,Dry Mouth,,,,
86,Dry Mouth,Paranoid,Dry Eyes,,
87,Dizzy,Dry Mouth,Paranoid,,
88,Dry Mouth,,,,
89,Dizzy,Dry Mouth,Anxious,,
90,Dizzy,Dry Mouth,Dry Eyes,Anxious,
91,Dry Mouth,Dry Eyes,,,
92,,,,,
93,,,,,
94,,,,,
95,Dizzy,Dry Mouth,Paranoid,Dry Eyes,Anxious
96,Dizzy,Dry Mouth,Paranoid,Dry Eyes,Anxious
97,Dizzy,Dry Mouth,Paranoid,Dry Eyes,
98,Dry Mouth,Dry Eyes,,,
99,Dry Mouth,,,,
100,Dry Mouth,Dry Eyes,,,
101,Dry Mouth,Dry Eyes,,,
102,Dizzy,Dry Mouth,Paranoid,Dry Eyes,
103,Dizzy,Dry Mouth,Paranoid,Dry Eyes,
104,Dizzy,Dry Mouth,Paranoid,Dry Eyes,
105,Dizzy,Dry Mouth,Paranoid,Dry Eyes,Anxious
106,,,,,
107,,,,,
108,,,,,
109,,,,,
110,Dizzy,Dry Mouth,Dry Eyes,Anxious,
112,,,,,
113,Dry Mouth,Paranoid,Dry Eyes,Anxious,
114,Dizzy,Dry Mouth,Paranoid,Dry Eyes,Anxious
115,,,,,
116,Dry Mouth,Dry Eyes,,,
117,,,,,
118,Dizzy,Dry Mouth,Dry Eyes,,
119,,,,,
120,Dry Mouth,Dry Eyes,,,
121,Dizzy,Dry Mouth,Paranoid,Dry Eyes,Anxious
122,Dry Mouth,Paranoid,Dry Eyes,Anxious,
123,Dizzy,Paranoid,Dry Eyes,Anxious,
124,,,,,
125,Dry Mouth,Dry Eyes,Anxious,,
126,Dizzy,Dry Mouth,Paranoid,Dry Eyes,Anxious
128,,,,,
129,Dizzy,,,,
130,Anxious,,,,
135,Dry Mouth,,,,
138,Dry Mouth,,,,
143,,,,,
145,,,,,
147,Dizzy,,,,
148,,,,,
150,Dry Mouth,,,,
151,,,,,
152,Dizzy,Dry Eyes,Anxious,,
156,,,,,
159,Dizzy,,,,
161,,,,,
162,,,,,
166,,,,,
167,Dry Mouth,,,,
168,Dry Eyes,,,,
170,,,,,
171,,,,,
175,Dry Mouth,Dry Eyes,,,
177,Dry Mouth,Dry Eyes,,,
178,,,,,
180,,,,,
181,Dry Eyes,,,,
183,,,,,
184,Dizzy,Dry Mouth,Dry Eyes,,
187,Dry Mouth,,,,
189,Dry Eyes,,,,
190,,,,,
192,,,,,
193,Dry Mouth,Dry Eyes,,,
194,,,,,
196,,,,,
198,Dry Mouth,Dry Eyes,,,
200,Dizzy,Dry Mouth,Dry Eyes,,
202,,,,,
203,,,,,
205,,,,,
206,Dry Mouth,,,,
211,,,,,
212,,,,,
221,Dry Mouth,Dry Eyes,,,
222,,,,,
223,Dry Mouth,,,,
224,,,,,
225,Dry Mouth,,,,
226,Dry Mouth,,,,
227,Dry Mouth,,,,
232,,,,,
234,Dry Mouth,Dry Eyes,,,
236,,,,,
237,Anxious,,,,
239,,,,,
240,,,,,
241,Dry Mouth,,,,
242,Anxious,,,,
243,Dry Mouth,,,,
244,Dizzy,Dry Mouth,Paranoid,Dry Eyes,Anxious
245,Dizzy,Dry Mouth,Paranoid,Dry Eyes,
246,Dizzy,Dry Mouth,Paranoid,Dry Eyes,
247,,,,,
248,Dry Mouth,Dry Eyes,,,
249,Dizzy,Anxious,,,
250,Dry Mouth,,,,
251,Dry Mouth,,,,
252,,,,,
253,,,,,
254,Dry Mouth,Paranoid,Dry Eyes,,
255,Dizzy,Dry Mouth,Dry Eyes,Anxious,
256,,,,,
257,Dizzy,Dry Mouth,Paranoid,Dry Eyes,
258,Dizzy,Dry Mouth,Paranoid,Dry Eyes,
259,,,,,
261,Dizzy,Dry Mouth,Dry Eyes,Anxious,
262,Dry Mouth,Dry Eyes,,,
263,Dry Mouth,,,,
264,Dizzy,Dry Mouth,Paranoid,Dry Eyes,Anxious
265,Dry Mouth,,,,
266,Dry Mouth,Paranoid,Dry Eyes,Anxious,
267,Dizzy,Dry Mouth,Dry Eyes,Anxious,
268,,,,,
269,Dizzy,Dry Mouth,Paranoid,Dry Eyes,
270,Dizzy,Dry Mouth,Dry Eyes,Anxious,
271,Dizzy,Dry Mouth,Paranoid,Dry Eyes,Anxious
272,Dizzy,Dry Mouth,Paranoid,Dry Eyes,
273,Dizzy,Dry Mouth,Paranoid,Dry Eyes,Anxious
274,Dizzy,Dry Mouth,Paranoid,Dry Eyes,
275,Dizzy,Dry Mouth,Dry Eyes,,
276,Dizzy,Dry Mouth,Paranoid,Dry Eyes,
277,Dizzy,Dry Mouth,Paranoid,Dry Eyes,
278,Dry Mouth,Dry Eyes,,,
279,,,,,
280,Dry Mouth,Dry Eyes,,,
281,Dizzy,Dry Mouth,Dry Eyes,Anxious,
282,Dry Mouth,Paranoid,Dry Eyes,,
283,Dizzy,Dry Mouth,Paranoid,Dry Eyes,Anxious
284,Dry Mouth,Dry Eyes,,,
285,Dizzy,Dry Mouth,Paranoid,Dry Eyes,
286,Dizzy,Dry Mouth,Paranoid,Dry Eyes,
287,Dry Eyes,,,,
288,Paranoid,Anxious,,,
289,,,,,
290,Dry Mouth,Anxious,,,
291,Dry Mouth,Dry Eyes,,,
293,Dizzy,Dry Mouth,Paranoid,Dry Eyes,
294,Dry Mouth,Paranoid,Dry Eyes,,
295,Dizzy,Dry Mouth,Paranoid,Dry Eyes,
296,,,,,
297,,,,,
298,Dry Mouth,Dry Eyes,,,
299,Dizzy,Dry Mouth,,,
300,,,,,
301,Dizzy,Dry Mouth,Paranoid,Dry Eyes,
302,Dry Mouth,,,,
303,,,,,
304,Dry Mouth,Dry Eyes,,,
305,Dizzy,Dry Mouth,Paranoid,Dry Eyes,
306,,,,,
307,Dry Eyes,,,,
308,Dry Mouth,,,,
309,Dry Eyes,,,,
310,Dry Mouth,Dry Eyes,,,
311,Dry Mouth,Paranoid,Dry Eyes,,
312,Dizzy,Dry Mouth,Paranoid,Dry Eyes,
313,Dry Mouth,Paranoid,Dry Eyes,,
314,,,,,
315,Dry Mouth,Paranoid,Dry Eyes,Anxious,
316,Dry Eyes,,,,
317,Dizzy,Dry Mouth,Paranoid,Dry Eyes,Anxious
318,Dizzy,Dry Mouth,Paranoid,Dry Eyes,
319,,,,,
320,Dizzy,Dry Mouth,Paranoid,Dry Eyes,Anxious
321,Dizzy,Dry Mouth,Paranoid,Dry Eyes,Anxious
322,Dry Mouth,Paranoid,Dry Eyes,Anxious,
323,Dizzy,Dry Mouth,Paranoid,Dry Eyes,
324,Dry Mouth,,,,
325,Dizzy,Dry Mouth,Paranoid,Dry Eyes,
326,Dizzy,Dry Mouth,Paranoid,Dry Eyes,Anxious
327,Dizzy,Dry Mouth,Paranoid,Dry Eyes,
328,Dry Mouth,Paranoid,,,
329,,,,,
330,Dizzy,Dry Mouth,Paranoid,Dry Eyes,
331,Dizzy,Dry Mouth,Paranoid,Dry Eyes,
332,Dizzy,Dry Mouth,Paranoid,Dry Eyes,
333,Dizzy,Dry Mouth,Paranoid,Dry Eyes,
334,Dizzy,Dry Mouth,Paranoid,Dry Eyes,Anxious
335,,,,,
336,Dizzy,Dry Mouth,Paranoid,Dry Eyes,Anxious
337,Dry Mouth,Dry Eyes,,,
338,Dizzy,,,,
339,Dry Mouth,Dry Eyes,,,
340,Dizzy,Dry Mouth,Paranoid,,
341,Dizzy,Dry Mouth,Paranoid,Dry Eyes,Anxious
342,Dizzy,Dry Mouth,Paranoid,Dry Eyes,
343,Dry Mouth,Paranoid,,,
344,Dizzy,Dry Mouth,Paranoid,Dry Eyes,Anxious
345,Dry Mouth,,,,
346,Dry Mouth,Paranoid,Anxious,,
347,Dizzy,Dry Mouth,Dry Eyes,Anxious,
348,,,,,
349,Dizzy,Dry Mouth,Paranoid,Dry Eyes,Anxious
350,Dry Mouth,Paranoid,,,
352,Dizzy,Dry Mouth,Dry Eyes,Anxious,
353,Dry Mouth,,,,
354,,,,,
355,Dry Mouth,Dry Eyes,,,
356,Dizzy,Dry Mouth,Dry Eyes,Anxious,
357,Dizzy,Dry Mouth,Paranoid,Dry Eyes,
358,Dry Mouth,,,,
359,,,,,
360,,,,,
361,Dizzy,Dry Mouth,Dry Eyes,,
363,,,,,
364,Dry Mouth,Dry Eyes,,,
365,Dry Mouth,Dry Eyes,,,
366,Dry Mouth,Paranoid,Dry Eyes,Anxious,
367,,,,,
368,Dizzy,Dry Mouth,Dry Eyes,Anxious,
369,Dry Mouth,Dry Eyes,,,
370,Dizzy,Dry Mouth,Paranoid,Dry Eyes,
371,Dizzy,,,,
372,Dry Mouth,,,,
373,Dizzy,Dry Mouth,Paranoid,Dry Eyes,Anxious
374,Dizzy,Dry Mouth,Paranoid,Dry Eyes,
375,,,,,
376,Dry Mouth,Dry Eyes,,,
377,Dizzy,Dry Mouth,Paranoid,Dry Eyes,
378,Dizzy,Dry Mouth,Paranoid,Dry Eyes,
379,Dry Mouth,Paranoid,Dry Eyes,Anxious,
380,Dizzy,Dry Mouth,Paranoid,Dry Eyes,Anxious
381,,,,,
382,Dry Mouth,Dry Eyes,,,
383,,,,,
384,Dry Mouth,Dry Eyes,,,
385,Dry Mouth,Dry Eyes,Anxious,,
386,Dizzy,Dry Mouth,Dry Eyes,,
387,Dry Mouth,Paranoid,Dry Eyes,Anxious,
388,,,,,
389,Dizzy,Dry Mouth,Paranoid,Dry Eyes,
390,Dry Mouth,,,,
392,Dry Mouth,,,,
393,Dry Mouth,,,,
394,Dry Eyes,Anxious,,,
395,,,,,
396,,,,,
397,Dizzy,Dry Mouth,Paranoid,Dry Eyes,
398,Dry Mouth,Paranoid,Dry Eyes,,
400,Dry Mouth,,,,
401,Dizzy,Dry Mouth,Paranoid,Dry Eyes,Anxious
402,Dry Mouth,Dry Eyes,,,
403,Dizzy,Dry Mouth,Paranoid,Dry Eyes,
404,Dry Mouth,Anxious,,,
405,Dizzy,Dry Mouth,Paranoid,Dry Eyes,
406,,,,,
407,Dry Mouth,Paranoid,Dry Eyes,,
409,,,,,
410,Dry Mouth,Paranoid,Dry Eyes,Anxious,
413,Dizzy,Dry Mouth,Dry Eyes,Anxious,
414,Dizzy,Dry Mouth,Paranoid,Dry Eyes,Anxious
415,Dry Mouth,Paranoid,Dry Eyes,Anxious,
418,Dizzy,Dry Mouth,Paranoid,Dry Eyes,
419,Dizzy,Dry Mouth,Paranoid,Dry Eyes,
420,,,,,
421,,,,,
423,Dizzy,Dry Mouth,Paranoid,Anxious,
424,Dry Mouth,,,,
425,Dizzy,Dry Mouth,Paranoid,Dry Eyes,
426,Dizzy,Dry Mouth,Paranoid,Dry Eyes,
427,Dizzy,Dry Mouth,Paranoid,Dry Eyes,
428,Dizzy,Dry Mouth,Paranoid,Dry Eyes,
429,Dizzy,Dry Mouth,Dry Eyes,,
430,,,,,
431,Dry Mouth,Paranoid,Dry Eyes,,
432,Dizzy,Dry Mouth,Paranoid,Dry Eyes,Anxious
433,Dry Mouth,,,,
434,Dizzy,Dry Mouth,Paranoid,Dry Eyes,Anxious
435,Dizzy,Dry Mouth,Dry Eyes,Anxious,
436,Dry Mouth,Paranoid,Dry Eyes,Anxious,
437,Dry Eyes,,,,
438,Dizzy,Dry Mouth,Paranoid,Dry Eyes,
439,Dry Mouth,Dry Eyes,,,
440,Dizzy,Dry Mouth,Dry Eyes,,
441,Dizzy,Dry Mouth,Paranoid,Dry Eyes,
443,Dry Mouth,,,,
444,Dizzy,Dry Mouth,Dry Eyes,,
445,Dizzy,Dry Mouth,Dry Eyes,Anxious,
446,Dry Mouth,,,,
448,Dry Mouth,,,,
449,Dizzy,Dry Mouth,Dry Eyes,,
450,Dizzy,Dry Mouth,Dry Eyes,,
451,,,,,
452,,,,,
453,Dizzy,Dry Mouth,Paranoid,Dry Eyes,
454,,,,,
455,Dry Mouth,Paranoid,Dry Eyes,Anxious,
456,Dry Mouth,Paranoid,Dry Eyes,Anxious,
457,,,,,
458,Dizzy,Dry Mouth,Paranoid,Dry Eyes,
459,Dry Mouth,Paranoid,,,
461,Dizzy,Dry Mouth,Paranoid,Dry Eyes,
462,Dry Mouth,Dry Eyes,,,
463,,,,,
464,Dry Eyes,,,,
465,Dizzy,Dry Mouth,Dry Eyes,,
466,Dizzy,Dry Mouth,Paranoid,Dry Eyes,
467,Dizzy,Dry Mouth,Paranoid,Dry Eyes,Anxious
468,Dizzy,Dry Mouth,Dry Eyes,Anxious,
469,Dry Mouth,,,,
470,Dizzy,Dry Mouth,Dry Eyes,Anxious,
471,Dizzy,Dry Mouth,Paranoid,Dry Eyes,
472,Dizzy,Dry Mouth,Paranoid,Dry Eyes,
473,Dizzy,Dry Mouth,Dry Eyes,Anxious,
474,Dry Mouth,,,,
476,,,,,
477,Dry Eyes,,,,
478,Dry Mouth,,,,
479,,,,,
480,Dizzy,Dry Mouth,Paranoid,Dry Eyes,
481,Dry Eyes,,,,
482,,,,,
483,Dry Mouth,Dry Eyes,,,
484,Dizzy,,,,
485,,,,,
486,Dizzy,Dry Mouth,Paranoid,Dry Eyes,
487,,,,,
488,,,,,
489,Dizzy,Dry Mouth,Paranoid,Dry Eyes,Anxious
490,Dizzy,Dry Mouth,Paranoid,Dry Eyes,Anxious
491,,,,,
492,Dizzy,,,,
493,Dry Mouth,,,,
494,Dry Eyes,,,,
495,,,,,
496,Dizzy,Dry Mouth,Paranoid,Dry Eyes,
497,Dizzy,Dry Mouth,Paranoid,Dry Eyes,Anxious
498,Dizzy,Dry Mouth,Paranoid,Dry Eyes,
499,Dizzy,Dry Mouth,Paranoid,Dry Eyes,
500,Dizzy,Dry Mouth,Paranoid,Anxious,
501,Dry Mouth,Paranoid,Dry Eyes,Anxious,
502,Dizzy,Dry Mouth,Dry Eyes,Anxious,
503,Dizzy,Dry Mouth,Paranoid,Anxious,
504,,,,,
505,Dry Mouth,,,,
507,Dry Mouth,Paranoid,Dry Eyes,,
508,Dizzy,Dry Mouth,Paranoid,Dry Eyes,
509,Dry Mouth,Dry Eyes,Anxious,,
510,,,,,
511,Dizzy,Dry Mouth,Paranoid,Dry Eyes,
512,Dry Mouth,,,,
513,Dizzy,Dry Mouth,Paranoid,Dry Eyes,Anxious
514,Dry Mouth,Paranoid,Dry Eyes,,
515,Dizzy,Dry Mouth,Dry Eyes,Anxious,
516,Dry Mouth,Dry Eyes,,,
517,,,,,
518,Dizzy,Dry Mouth,Dry Eyes,Anxious,
520,Dizzy,Dry Mouth,Paranoid,Dry Eyes,
521,Dry Mouth,,,,
522,Dizzy,Dry Mouth,Paranoid,Dry Eyes,
523,Dizzy,Dry Mouth,Paranoid,Dry Eyes,
524,,,,,
525,,,,,
526,Dizzy,,,,
527,Dizzy,Dry Mouth,Dry Eyes,,
528,,,,,
529,Dizzy,Dry Mouth,Paranoid,Anxious,
530,Dizzy,Dry Mouth,Paranoid,Dry Eyes,
531,Dry Mouth,,,,
532,Dry Mouth,Anxious,,,
533,Dizzy,Dry Mouth,Paranoid,Dry Eyes,
534,Dizzy,Paranoid,Anxious,,
535,Dry Mouth,Dry Eyes,,,
536,Dry Mouth,,,,
537,Dizzy,Dry Mouth,Dry Eyes,,
538,,,,,
539,Dry Mouth,Paranoid,Dry Eyes,Anxious,
540,Dry Mouth,Dry Eyes,,,
541,Dry Mouth,Paranoid,Dry Eyes,,
542,Dry Eyes,,,,
544,Dizzy,Dry Mouth,Paranoid,Dry Eyes,
545,Dry Mouth,Paranoid,Dry Eyes,Anxious,
546,,,,,
547,Dry Mouth,Dry Eyes,,,
548,Dry Mouth,Dry Eyes,,,
549,Dry Mouth,Dry Eyes,,,
551,,,,,
552,Dry Mouth,Paranoid,Dry Eyes,,
553,Dry Mouth,Paranoid,,,
555,Dizzy,Dry Mouth,Paranoid,Dry Eyes,Anxious
556,Dizzy,Dry Mouth,Paranoid,Dry Eyes,
557,,,,,
558,Dizzy,Dry Mouth,Paranoid,Dry Eyes,Anxious
559,Dry Mouth,Paranoid,Dry Eyes,Anxious,
560,Dry Mouth,,,,
561,,,,,
562,,,,,
563,Dizzy,Dry Mouth,Paranoid,Dry Eyes,Anxious
564,Dizzy,Dry Mouth,Paranoid,Dry Eyes,Anxious
565,Dry Mouth,Dry Eyes,,,
566,Dry Mouth,,,,
567,Dry Mouth,Paranoid,Dry Eyes,Anxious,
568,Dry Mouth,,,,
569,Dry Mouth,Paranoid,Anxious,,
570,Dry Mouth,Paranoid,Dry Eyes,Anxious,
571,Dizzy,Dry Mouth,Anxious,,
572,Dry Mouth,Paranoid,Dry Eyes,Anxious,
573,Dry Mouth,,,,
574,Dizzy,Dry Mouth,Dry Eyes,Anxious,
575,Dizzy,Paranoid,Anxious,,
576,Dry Mouth,Dry Eyes,,,
577,Dizzy,Dry Mouth,Paranoid,Dry Eyes,
578,,,,,
579,Dizzy,,,,
580,Dry Mouth,Dry Eyes,,,
581,Dizzy,Dry Mouth,Paranoid,Dry Eyes,
582,Anxious,,,,
583,Dry Mouth,,,,
584,Dry Mouth,,,,
585,,,,,
586,,,,,
587,Dry Mouth,Dry Eyes,,,
588,Dizzy,Dry Mouth,Dry Eyes,Anxious,
590,Dizzy,Dry Mouth,Dry Eyes,,
591,Dizzy,Dry Mouth,Dry Eyes,,
592,,,,,
593,Dry Eyes,,,,
594,,,,,
595,Dizzy,Dry Mouth,Dry Eyes,Anxious,
596,Dry Mouth,Paranoid,Dry Eyes,Anxious,
597,Dizzy,Dry Mouth,Paranoid,Dry Eyes,
598,Dry Mouth,Paranoid,Dry Eyes,Anxious,
599,,,,,
600,Dizzy,,,,
601,Dry Mouth,Paranoid,Dry Eyes,Anxious,
602,Dry Mouth,Dry Eyes,,,
603,,,,,
604,Dizzy,Dry Mouth,Paranoid,Dry Eyes,Anxious
605,,,,,
606,Dizzy,Dry Mouth,Paranoid,Dry Eyes,Anxious
607,Dry Mouth,,,,
608,,,,,
609,Dry Mouth,Paranoid,Dry Eyes,Anxious,
610,Dizzy,Dry Mouth,,,
611,Dizzy,Dry Mouth,Dry Eyes,,
612,Dizzy,Dry Mouth,Paranoid,Dry Eyes,Anxious
613,Dry Mouth,,,,
614,Dizzy,Dry Mouth,Paranoid,Dry Eyes,
615,Dizzy,Dry Mouth,,,
616,Dizzy,Dry Mouth,Dry Eyes,Anxious,
617,Dizzy,Dry Mouth,,,
618,Dizzy,Dry Mouth,Paranoid,Dry Eyes,Anxious
619,Dizzy,Dry Mouth,Paranoid,Dry Eyes,Anxious
620,Dry Mouth,Paranoid,Dry Eyes,Anxious,
621,,,,,
622,Dizzy,Dry Mouth,Paranoid,Dry Eyes,
624,Dizzy,,,,
625,Dry Mouth,,,,
627,Dry Eyes,,,,
628,Dry Mouth,,,,
629,,,,,
630,Dry Mouth,,,,
631,Dry Mouth,,,,
632,Dry Mouth,Dry Eyes,,,
633,Dizzy,Dry Mouth,Paranoid,Dry Eyes,Anxious
634,Dry Mouth,,,,
635,Dry Eyes,,,,
636,Anxious,,,,
638,Dizzy,Dry Mouth,Dry Eyes,Anxious,
639,Dry Mouth,Dry Eyes,,,
640,Dizzy,Dry Mouth,Dry Eyes,Anxious,
641,Dry Mouth,,,,
642,,,,,
643,Dry Mouth,Dry Eyes,,,
644,Dry Mouth,,,,
645,Dry Mouth,Paranoid,Dry Eyes,Anxious,
646,Dizzy,Dry Mouth,Dry Eyes,Anxious,
647,,,,,
648,Dizzy,Dry Mouth,Dry Eyes,,
649,,,,,
650,Dry Mouth,Dry Eyes,,,
651,Dizzy,Dry Mouth,Paranoid,Dry Eyes,
652,Dry Mouth,Dry Eyes,,,
653,Dizzy,Dry Mouth,Paranoid,Dry Eyes,
654,Dry Mouth,Dry Eyes,,,
655,,,,,
656,Dizzy,Dry Mouth,,,
657,Dizzy,Dry Mouth,Dry Eyes,Anxious,
658,Dry Mouth,,,,
659,Dizzy,Dry Mouth,Dry Eyes,Anxious,
660,Dizzy,Dry Mouth,Paranoid,Dry Eyes,Anxious
661,Dizzy,Dry Mouth,Paranoid,Dry Eyes,Anxious
662,Dry Mouth,Paranoid,Dry Eyes,,
663,Dry Mouth,,,,
664,Dizzy,Dry Mouth,Dry Eyes,Anxious,
665,Dizzy,Dry Mouth,Dry Eyes,Anxious,
666,Dizzy,Dry Mouth,Dry Eyes,Anxious,
667,Dry Eyes,,,,
668,Dry Mouth,,,,
669,,,,,
670,Dry Mouth,Paranoid,Dry Eyes,Anxious,
671,Paranoid,Anxious,,,
672,Dizzy,Dry Mouth,Paranoid,Dry Eyes,
673,Dizzy,Dry Mouth,Paranoid,Dry Eyes,
675,Anxious,,,,
676,Dizzy,Dry Mouth,Paranoid,Dry Eyes,
677,Dry Mouth,Dry Eyes,,,
678,Dizzy,Dry Mouth,Dry Eyes,,
679,,,,,
680,Dizzy,Dry Mouth,Paranoid,Dry Eyes,Anxious
682,Dry Mouth,Dry Eyes,,,
683,Dry Mouth,,,,
684,,,,,
685,Dizzy,Dry Mouth,Dry Eyes,,
687,Dizzy,Dry Mouth,Paranoid,Dry Eyes,Anxious
688,Dry Eyes,,,,
689,Dry Mouth,Paranoid,Anxious,,
690,Dizzy,Dry Mouth,Dry Eyes,Anxious,
691,Dry Mouth,Dry Eyes,Anxious,,
693,Dry Mouth,,,,
694,Anxious,,,,
695,Dry Mouth,Dry Eyes,,,
696,Dry Mouth,,,,
697,Dry Mouth,,,,
698,Dry Mouth,Paranoid,Dry Eyes,Anxious,
699,Dry Eyes,,,,
700,Dry Mouth,Paranoid,Anxious,,
701,Dizzy,Dry Mouth,Paranoid,Dry Eyes,
702,Dizzy,Dry Mouth,Paranoid,Dry Eyes,Anxious
703,Dry Mouth,,,,
705,Dizzy,Dry Mouth,,,
706,Dry Mouth,Anxious,,,
707,Dizzy,Dry Mouth,Dry Eyes,Anxious,
710,,,,,
711,Dry Mouth,,,,
712,Dizzy,Dry Mouth,Paranoid,Dry Eyes,
713,Dizzy,Dry Mouth,Dry Eyes,Anxious,
714,,,,,
715,Dry Mouth,,,,
716,Dry Mouth,Dry Eyes,,,
717,Dry Mouth,Dry Eyes,,,
718,Dizzy,Dry Mouth,Dry Eyes,,
719,Dizzy,Dry Mouth,Dry Eyes,,
720,,,,,
721,Dizzy,Dry Mouth,Paranoid,Dry Eyes,Anxious
722,Dry Mouth,Paranoid,Dry Eyes,,
723,Dry Mouth,Paranoid,Anxious,,
724,,,,,
725,Dizzy,Dry Mouth,Dry Eyes,,
726,,,,,
727,Dizzy,Dry Mouth,Paranoid,Dry Eyes,
728,Dry Mouth,Paranoid,Dry Eyes,Anxious,
729,Dry Mouth,Paranoid,Dry Eyes,Anxious,
730,,,,,
731,Dry Mouth,,,,
732,Dizzy,Dry Mouth,Paranoid,Anxious,
733,Dry Mouth,Paranoid,Dry Eyes,Anxious,
734,Dry Mouth,,,,
735,,,,,
736,Dry Mouth,Dry Eyes,,,
737,,,,,
738,Dizzy,Dry Mouth,Dry Eyes,Anxious,
739,Dry Mouth,,,,
740,Dizzy,Dry Mouth,Paranoid,Dry Eyes,
741,Dry Mouth,Paranoid,Dry Eyes,Anxious,
742,Dizzy,Dry Mouth,Paranoid,Dry Eyes,Anxious
743,Anxious,,,,
744,Dry Mouth,,,,
745,Dizzy,Dry Mouth,,,
746,Dizzy,Dry Mouth,Paranoid,Dry Eyes,
747,Dry Mouth,Dry Eyes,,,
748,Dizzy,,,,
749,Dry Mouth,,,,
750,Dizzy,Dry Mouth,Paranoid,Dry Eyes,Anxious
751,Dizzy,,,,
752,Dry Mouth,,,,
753,,,,,
754,,,,,
755,,,,,
756,Dizzy,Dry Mouth,Paranoid,Dry Eyes,Anxious
757,Dizzy,Dry Mouth,Paranoid,Dry Eyes,
758,Dry Eyes,,,,
759,Dizzy,Dry Mouth,Paranoid,Dry Eyes,
760,Dizzy,Dry Mouth,Paranoid,Dry Eyes,
761,,,,,
762,,,,,
763,Dry Eyes,,,,
764,,,,,
765,,,,,
766,,,,,
767,Dry Mouth,,,,
768,Dry Mouth,Paranoid,Dry Eyes,Anxious,
769,Dizzy,Dry Mouth,Paranoid,Dry Eyes,
770,Dry Mouth,Dry Eyes,,,
771,Dry Mouth,Dry Eyes,,,
772,Dry Mouth,,,,
773,,,,,
774,Dry Mouth,Dry Eyes,,,
775,Dry Mouth,,,,
776,Dry Mouth,,,,
778,Dizzy,Dry Mouth,Dry Eyes,Anxious,
779,,,,,
780,,,,,
781,Dry Mouth,,,,
782,Dizzy,Dry Mouth,Dry Eyes,Anxious,
783,Dizzy,Dry Mouth,Paranoid,Dry Eyes,
784,,,,,
785,Dry Mouth,,,,
786,,,,,
787,Dizzy,Dry Mouth,Dry Eyes,,
789,Dry Mouth,Dry Eyes,,,
790,,,,,
791,,,,,
792,,,,,
793,Dry Mouth,,,,
795,Dry Eyes,Anxious,,,
796,Dizzy,Dry Mouth,Paranoid,Dry Eyes,
797,Dizzy,Dry Mouth,Paranoid,Dry Eyes,Anxious
798,Dizzy,Dry Mouth,Dry Eyes,Anxious,
799,Dizzy,Dry Mouth,Dry Eyes,,
800,Dizzy,Dry Mouth,Dry Eyes,Anxious,
802,,,,,
803,Dry Mouth,,,,
804,Dizzy,Dry Mouth,Dry Eyes,,
805,,,,,
806,Dizzy,Dry Mouth,Paranoid,Dry Eyes,
807,Dry Mouth,,,,
808,,,,,
810,Dizzy,Paranoid,Dry Eyes,Anxious,
811,Dry Mouth,,,,
812,Dizzy,Dry Mouth,,,
813,Dry Mouth,Paranoid,Dry Eyes,Anxious,
814,Anxious,,,,
815,Dizzy,Dry Mouth,Paranoid,Dry Eyes,Anxious
816,Dry Mouth,,,,
817,Dizzy,Dry Mouth,Dry Eyes,,
818,,,,,
819,Paranoid,Dry Eyes,Anxious,,
820,Dry Mouth,Dry Eyes,,,
821,Dry Mouth,Paranoid,Dry Eyes,Anxious,
822,Dry Mouth,Paranoid,Dry Eyes,,
823,Dry Mouth,Dry Eyes,,,
824,Dizzy,Dry Mouth,Paranoid,Dry Eyes,Anxious
825,,,,,
826,Dizzy,Dry Mouth,,,
827,Dizzy,Dry Mouth,Paranoid,Dry Eyes,
828,,,,,
829,Dizzy,Dry Mouth,Dry Eyes,,
830,Dizzy,Dry Mouth,Paranoid,Dry Eyes,
831,Dizzy,Dry Mouth,Dry Eyes,,
832,,,,,
833,,,,,
834,Dry Mouth,Paranoid,,,
836,Dry Mouth,,,,
839,,,,,
840,Dizzy,Dry Mouth,Dry Eyes,Anxious,
841,,,,,
842,Dizzy,Dry Mouth,Paranoid,Dry Eyes,Anxious
843,Dizzy,Dry Mouth,Dry Eyes,Anxious,
844,,,,,
845,Dry Mouth,,,,
846,,,,,
847,Dizzy,Dry Mouth,Dry Eyes,Anxious,
848,Dizzy,Dry Mouth,Paranoid,Dry Eyes,Anxious
849,Dry Mouth,Dry Eyes,,,
850,,,,,
851,Anxious,,,,
852,Dry Eyes,,,,
853,Dizzy,Dry Mouth,Dry Eyes,Anxious,
854,Dry Mouth,,,,
855,,,,,
856,,,,,
857,Dizzy,Dry Mouth,Paranoid,Dry Eyes,
858,Dry Mouth,,,,
859,,,,,
860,Dizzy,Dry Mouth,Paranoid,Dry Eyes,Anxious
861,Dizzy,Dry Mouth,Dry Eyes,,
862,Dry Mouth,Paranoid,Anxious,,
863,Dizzy,Dry Mouth,Paranoid,Dry Eyes,Anxious
864,Dry Mouth,,,,
865,,,,,
866,Dizzy,Dry Mouth,Dry Eyes,Anxious,
867,Dry Mouth,Paranoid,,,
868,,,,,
869,,,,,
870,,,,,
871,Dry Mouth,Paranoid,Dry Eyes,Anxious,
872,Dizzy,Dry Mouth,Paranoid,Dry Eyes,
873,Dizzy,Dry Mouth,Paranoid,Dry Eyes,Anxious
874,Dizzy,Dry Mouth,Paranoid,Dry Eyes,
875,Dizzy,Dry Mouth,Dry Eyes,Anxious,
876,,,,,
877,Dry Mouth,,,,
878,,,,,
879,Dry Mouth,Dry Eyes,,,
880,,,,,
881,Dizzy,Dry Mouth,,,
882,,,,,
883,Dizzy,Dry Mouth,Paranoid,Dry Eyes,Anxious
884,Dry Mouth,Dry Eyes,,,
885,Dizzy,Dry Mouth,Dry Eyes,,
886,,,,,
887,Dizzy,Dry Mouth,Paranoid,Dry Eyes,Anxious
888,,,,,
889,,,,,
890,Dry Mouth,,,,
891,Dizzy,Dry Mouth,Paranoid,Dry Eyes,Anxious
892,Dry Mouth,,,,
894,Dizzy,Dry Mouth,Paranoid,Dry Eyes,
895,Dry Mouth,Dry Eyes,,,
896,Dry Mouth,,,,
897,Dry Eyes,,,,
898,Dry Mouth,Dry Eyes,,,
899,Dizzy,Dry Mouth,Dry Eyes,Anxious,
900,Dizzy,Dry Mouth,Paranoid,Dry Eyes,Anxious
901,Dry Mouth,Dry Eyes,,,
902,Dry Eyes,,,,
903,,,,,
904,Dry Mouth,,,,
905,Dizzy,Dry Mouth,,,
906,Dizzy,Dry Mouth,Paranoid,Dry Eyes,
907,Dizzy,Dry Mouth,Paranoid,Dry Eyes,
908,Dry Mouth,Dry Eyes,,,
909,Dry Mouth,,,,
910,,,,,
911,Dizzy,Dry Mouth,Dry Eyes,Anxious,
912,Dry Mouth,,,,
913,,,,,
914,Dizzy,Dry Mouth,Dry Eyes,,
915,,,,,
916,Dizzy,Dry Mouth,Paranoid,Dry Eyes,
917,Dry Mouth,Dry Eyes,,,
918,Dizzy,Dry Mouth,Paranoid,Dry Eyes,
919,Dry Mouth,Paranoid,Dry Eyes,Anxious,
920,Dry Mouth,Paranoid,,,
921,Dry Mouth,Dry Eyes,,,
922,Dizzy,Dry Mouth,Paranoid,Dry Eyes,Anxious
923,,,,,
924,Dizzy,Dry Mouth,Paranoid,Dry Eyes,
925,Dizzy,Dry Mouth,Paranoid,Dry Eyes,Anxious
926,Dizzy,Dry Mouth,Paranoid,Dry Eyes,
927,Dizzy,Dry Mouth,Paranoid,Dry Eyes,Anxious
928,Dizzy,Dry Mouth,Paranoid,Dry Eyes,
929,Dry Mouth,,,,
930,Dizzy,Dry Mouth,Paranoid,Dry Eyes,Anxious
931,Dry Eyes,,,,
932,Dizzy,Dry Mouth,Paranoid,Dry Eyes,
933,,,,,
934,Dizzy,Dry Mouth,Paranoid,Dry Eyes,Anxious
935,Dizzy,Dry Mouth,Paranoid,Dry Eyes,
936,Dry Mouth,Dry Eyes,Anxious,,
937,Dizzy,Dry Mouth,Paranoid,Dry Eyes,Anxious
938,Dizzy,Dry Mouth,Paranoid,Dry Eyes,Anxious
939,Dizzy,Dry Mouth,Paranoid,Dry Eyes,Anxious
940,Dry Mouth,Paranoid,Dry Eyes,,
941,Dry Mouth,Paranoid,Dry Eyes,Anxious,
942,Dizzy,Dry Mouth,Paranoid,Dry Eyes,
943,Dizzy,Dry Mouth,Paranoid,Dry Eyes,
944,Dizzy,Dry Mouth,Dry Eyes,Anxious,
945,,,,,
946,Dry Mouth,,,,
947,Dizzy,Dry Mouth,Paranoid,Dry Eyes,
948,Dizzy,Dry Mouth,Paranoid,Dry Eyes,
949,Dry Mouth,,,,
950,Dizzy,Dry Mouth,Dry Eyes,Anxious,
951,Dizzy,Dry Mouth,Paranoid,Dry Eyes,Anxious
952,Dry Mouth,Dry Eyes,,,
953,Dry Mouth,,,,
954,Dry Mouth,Dry Eyes,Anxious,,
957,,,,,
958,Dizzy,Dry Mouth,Paranoid,Dry Eyes,Anxious
959,Dry Mouth,,,,
960,Dry Mouth,Anxious,,,
962,Dizzy,Dry Mouth,Paranoid,Dry Eyes,
963,Dry Mouth,,,,
964,Dry Mouth,,,,
965,,,,,
966,,,,,
967,Paranoid,Anxious,,,
968,Dry Eyes,,,,
969,Dry Mouth,Dry Eyes,,,
971,Dry Mouth,Dry Eyes,,,
972,Dry Mouth,Dry Eyes,,,
973,Dizzy,Dry Mouth,Dry Eyes,,
974,Dry Mouth,Dry Eyes,,,
975,Dizzy,Dry Mouth,Dry Eyes,,
976,Dizzy,Dry Mouth,Dry Eyes,Anxious,
977,Dry Eyes,,,,
978,Dry Mouth,,,,
979,Dizzy,Dry Mouth,Dry Eyes,,
980,Dizzy,Dry Mouth,Dry Eyes,,
981,Dry Mouth,Dry Eyes,,,
982,Dizzy,Dry Mouth,Paranoid,Dry Eyes,
983,,,,,
984,Dizzy,Dry Mouth,Paranoid,Dry Eyes,Anxious
985,Dry Mouth,Dry Eyes,,,
986,Dizzy,Dry Mouth,Paranoid,Dry Eyes,Anxious
987,Dry Mouth,,,,
988,Dizzy,Dry Mouth,Paranoid,Dry Eyes,
989,Dry Mouth,Dry Eyes,,,
990,Dry Mouth,Dry Eyes,Anxious,,
991,Dizzy,Dry Eyes,Anxious,,
992,Dizzy,Dry Mouth,Paranoid,Dry Eyes,
994,Dizzy,Dry Mouth,Paranoid,Dry Eyes,Anxious
995,Dizzy,Dry Mouth,Dry Eyes,Anxious,
996,Dizzy,Dry Mouth,Paranoid,Dry Eyes,
997,Dizzy,Dry Mouth,Paranoid,Dry Eyes,
998,Dizzy,Dry Mouth,Paranoid,Dry Eyes,Anxious
999,Dry Mouth,Dry Eyes,Anxious,,
1000,Dry Mouth,Paranoid,,,
1001,,,,,
1002,Dizzy,Dry Mouth,Paranoid,Dry Eyes,Anxious
1003,Dizzy,Dry Mouth,Paranoid,Dry Eyes,Anxious
1004,Dry Mouth,Anxious,,,
1006,Dizzy,Dry Mouth,,,
1007,Dry Mouth,Dry Eyes,Anxious,,
1008,,,,,
1009,Dizzy,Dry Mouth,Paranoid,Dry Eyes,Anxious
1010,Dizzy,Dry Mouth,Dry Eyes,,
1011,Dry Mouth,,,,
1012,Dizzy,Dry Mouth,Dry Eyes,,
1013,Dry Mouth,,,,
1014,Dry Eyes,,,,
1015,Dizzy,Dry Mouth,Dry Eyes,Anxious,
1016,Dry Mouth,,,,
1017,Dry Mouth,Dry Eyes,,,
1018,Dry Mouth,Paranoid,Dry Eyes,Anxious,
1019,,,,,
1020,Dizzy,Dry Mouth,Paranoid,Dry Eyes,
1021,Dry Mouth,Anxious,,,
1022,,,,,
1023,,,,,
1024,Dry Mouth,Dry Eyes,,,
1025,Dizzy,Dry Mouth,Paranoid,Dry Eyes,
1026,Dizzy,Dry Mouth,Paranoid,Dry Eyes,Anxious
1027,Dizzy,Dry Mouth,Paranoid,Dry Eyes,
1028,Dizzy,Dry Mouth,Dry Eyes,,
1029,Dizzy,Dry Mouth,Paranoid,Dry Eyes,
1030,,,,,
1031,Dry Eyes,,,,
1032,Dizzy,Dry Mouth,Paranoid,Dry Eyes,
1033,Dizzy,Dry Mouth,Paranoid,Dry Eyes,
1034,Dizzy,Dry Mouth,Dry Eyes,Anxious,
1035,Dry Mouth,,,,
1036,Dizzy,Dry Mouth,Dry Eyes,Anxious,
1037,Dry Mouth,Anxious,,,
1038,Dry Mouth,Anxious,,,
1040,Dizzy,Dry Mouth,Dry Eyes,,
1041,,,,,
1042,Dizzy,Dry Mouth,Paranoid,Dry Eyes,Anxious
1043,,,,,
1044,,,,,
1045,Dizzy,Dry Mouth,Paranoid,Dry Eyes,
1046,Dry Eyes,,,,
1047,Dizzy,,,,
1048,Dizzy,Dry Mouth,Dry Eyes,,
1049,Dizzy,Anxious,,,
1050,,,,,
1051,Dry Mouth,Dry Eyes,,,
1053,Dry Mouth,Dry Eyes,,,
1054,Dizzy,Dry Mouth,Paranoid,Dry Eyes,
1055,Dizzy,Dry Mouth,Paranoid,Dry Eyes,
1056,Dry Mouth,Dry Eyes,,,
1057,Dizzy,Dry Mouth,Dry Eyes,Anxious,
1058,Dizzy,Dry Mouth,Paranoid,Anxious,
1059,Dry Mouth,Anxious,,,
1060,Dry Mouth,Dry Eyes,,,
1061,Dizzy,Dry Mouth,Dry Eyes,,
1062,Dizzy,Paranoid,Dry Eyes,,
1063,Dry Mouth,Paranoid,Dry Eyes,Anxious,
1064,Dizzy,Dry Mouth,Dry Eyes,Anxious,
1065,Paranoid,,,,
1066,Dizzy,Dry Mouth,Paranoid,Dry Eyes,
1068,Dry Mouth,Dry Eyes,,,
1070,,,,,
1071,Dry Mouth,,,,
1072,Anxious,,,,
1073,Dizzy,Dry Mouth,Paranoid,Dry Eyes,
1074,,,,,
1075,Dizzy,Dry Mouth,Paranoid,Dry Eyes,
1076,Dizzy,Dry Mouth,Paranoid,Dry Eyes,
1078,Dry Mouth,Dry Eyes,,,
1079,Dizzy,,,,
1080,Dizzy,Dry Mouth,Dry Eyes,,
1081,Dizzy,Dry Mouth,Paranoid,Dry Eyes,
1082,Dizzy,Dry Mouth,Paranoid,Dry Eyes,Anxious
1083,Dizzy,Dry Mouth,Paranoid,Dry Eyes,Anxious
1084,Dizzy,Dry Mouth,Paranoid,Dry Eyes,Anxious
1085,Dizzy,Dry Mouth,Dry Eyes,Anxious,
1086,Dizzy,Dry Mouth,Paranoid,Dry Eyes,
1087,,,,,
1088,Dizzy,Dry Mouth,Paranoid,Dry Eyes,
1089,Dry Mouth,Dry Eyes,,,
1090,Dry Mouth,Paranoid,Dry Eyes,Anxious,
1091,Dizzy,Dry Mouth,Paranoid,Dry Eyes,Anxious
1092,,,,,
1093,Dizzy,Dry Mouth,Paranoid,Dry Eyes,
1094,Dry Mouth,,,,
1095,Dry Mouth,Paranoid,Dry Eyes,Anxious,
1096,Dizzy,Dry Mouth,Paranoid,Dry Eyes,
1097,,,,,
1098,Dizzy,Dry Mouth,Dry Eyes,Anxious,
1099,Dry Mouth,Anxious,,,
1100,Dizzy,Dry Mouth,Paranoid,Dry Eyes,
1101,Dizzy,Dry Mouth,Paranoid,Dry Eyes,
1102,,,,,
1103,Dry Mouth,Dry Eyes,,,
1104,Dry Eyes,,,,
1105,Dizzy,Dry Mouth,,,
1106,Dry Mouth,Dry Eyes,Anxious,,
1107,Dizzy,Dry Mouth,Paranoid,Dry Eyes,
1108,Dizzy,Dry Mouth,Paranoid,Dry Eyes,
1109,Paranoid,Dry Eyes,,,
1110,,,,,
1111,Dizzy,Dry Mouth,Dry Eyes,Anxious,
1112,Dry Eyes,,,,
1113,,,,,
1114,Dizzy,Dry Mouth,Paranoid,Dry Eyes,Anxious
1115,Dizzy,Dry Mouth,Paranoid,Dry Eyes,Anxious
1117,Dizzy,Dry Mouth,Paranoid,Dry Eyes,
1118,Anxious,,,,
1119,Dizzy,Dry Mouth,Dry Eyes,Anxious,
1120,Dry Eyes,,,,
1121,Dry Mouth,Dry Eyes,,,
1122,Paranoid,Anxious,,,
1123,Dizzy,Dry Mouth,Paranoid,Dry Eyes,Anxious
1124,Dizzy,Dry Mouth,Paranoid,Dry Eyes,
1125,Dry Mouth,Paranoid,,,
1126,Dizzy,Dry Mouth,,,
1127,Dizzy,Dry Mouth,Dry Eyes,Anxious,
1128,,,,,
1129,Dizzy,Dry Mouth,Paranoid,Dry Eyes,
1130,Dizzy,Dry Mouth,Paranoid,Dry Eyes,
1131,,,,,
1132,Dry Mouth,Dry Eyes,Anxious,,
1133,,,,,
1134,Dry Mouth,Dry Eyes,,,
1135,Dry Mouth,,,,
1136,Dizzy,Dry Mouth,Paranoid,Dry Eyes,
1137,Dry Mouth,Dry Eyes,,,
1138,Dry Mouth,Dry Eyes,,,
1139,,,,,
1140,Dry Mouth,,,,
1142,,,,,
1143,,,,,
1144,Dry Eyes,,,,
1145,Dry Mouth,Paranoid,Dry Eyes,Anxious,
1146,Dizzy,Dry Mouth,,,
1147,Dizzy,Dry Mouth,Paranoid,Dry Eyes,
1148,Dry Mouth,Paranoid,Dry Eyes,Anxious,
1149,Dizzy,Dry Mouth,Dry Eyes,,
1150,Dizzy,Dry Mouth,,,
1151,Dry Mouth,Paranoid,Dry Eyes,,
1152,,,,,
1153,Dry Mouth,Dry Eyes,,,
1154,Dry Mouth,,,,
1155,,,,,
1156,Dry Mouth,Dry Eyes,,,
1157,Dizzy,Dry Mouth,Dry Eyes,Anxious,
1159,Dry Mouth,Dry Eyes,,,
1160,Dry Mouth,Paranoid,Anxious,,
1161,Dizzy,Dry Mouth,Paranoid,Dry Eyes,Anxious
1162,,,,,
1163,Dry Mouth,,,,
1164,Dizzy,Dry Mouth,Paranoid,Dry Eyes,
1165,Dizzy,Dry Mouth,Paranoid,Dry Eyes,
1166,Dizzy,Dry Mouth,Dry Eyes,Anxious,
1167,Anxious,,,,
1168,Dizzy,Dry Mouth,Paranoid,Dry Eyes,Anxious
1169,Dizzy,Dry Mouth,Paranoid,Dry Eyes,Anxious
1170,Dizzy,Dry Mouth,Dry Eyes,,
1171,Dizzy,Dry Mouth,Paranoid,Dry Eyes,
1173,,,,,
1174,Dry Eyes,Anxious,,,
1175,Dry Mouth,,,,
1176,Dizzy,Dry Mouth,Dry Eyes,Anxious,
1177,,,,,
1178,Dizzy,Dry Mouth,Paranoid,Dry Eyes,
1179,Dry Mouth,Paranoid,Dry Eyes,Anxious,
1181,Paranoid,Dry Eyes,,,
1182,,,,,
1183,Dizzy,Dry Mouth,Paranoid,Anxious,
1184,Dry Mouth,,,,
1185,Dry Mouth,Anxious,,,
1186,Dizzy,Dry Mouth,Dry Eyes,,
1187,Dry Mouth,Dry Eyes,,,
1189,Dry Mouth,Dry Eyes,,,
1190,Dizzy,Dry Mouth,Paranoid,Dry Eyes,
1191,,,,,
1192,Dizzy,Dry Mouth,Paranoid,Dry Eyes,
1193,Dry Mouth,,,,
1195,,,,,
1196,Dry Mouth,Dry Eyes,,,
1197,Dizzy,Dry Mouth,Paranoid,Dry Eyes,
1198,Dry Mouth,Dry Eyes,,,
1199,,,,,
1200,Dry Mouth,Dry Eyes,Anxious,,
1201,Dizzy,Dry Mouth,Dry Eyes,Anxious,
1202,Dry Mouth,Dry Eyes,,,
1203,Dry Mouth,Paranoid,Dry Eyes,Anxious,
1204,,,,,
1205,Dizzy,Dry Mouth,Paranoid,Dry Eyes,Anxious
1206,Dry Mouth,Paranoid,Dry Eyes,,
1208,,,,,
1209,Dry Mouth,,,,
1210,Dizzy,Dry Mouth,Dry Eyes,,
1211,Dizzy,Dry Mouth,Paranoid,Dry Eyes,
1212,Dizzy,Dry Mouth,Paranoid,Dry Eyes,
1213,Dry Eyes,,,,
1214,Dry Mouth,,,,
1215,Dizzy,Dry Mouth,Paranoid,Dry Eyes,
1217,Dry Mouth,Dry Eyes,,,
1218,Dizzy,Dry Mouth,Paranoid,Dry Eyes,Anxious
1219,Dizzy,Dry Mouth,Paranoid,Dry Eyes,Anxious
1220,Dry Mouth,Paranoid,Dry Eyes,,
1221,Dizzy,Dry Mouth,Dry Eyes,Anxious,
1223,Dry Eyes,,,,
1225,Dry Mouth,Dry Eyes,,,
1226,Dry Mouth,Dry Eyes,,,
1227,Dry Mouth,,,,
1228,Dry Eyes,,,,
1230,Dizzy,Dry Mouth,Anxious,,
1231,Dry Mouth,,,,
1232,,,,,
1233,,,,,
1234,,,,,
1235,Dizzy,Dry Mouth,Paranoid,Dry Eyes,Anxious
1236,Dizzy,Dry Mouth,Paranoid,Dry Eyes,
1237,,,,,
1238,Dizzy,Dry Mouth,Paranoid,Dry Eyes,
1239,Dizzy,Dry Mouth,Paranoid,Dry Eyes,Anxious
1240,Dizzy,Dry Mouth,Dry Eyes,Anxious,
1242,Dizzy,Dry Mouth,Paranoid,Dry Eyes,Anxious
1243,Dry Mouth,,,,
1244,,,,,
1245,,,,,
1246,Paranoid,Anxious,,,
1247,Dizzy,Dry Mouth,Paranoid,Dry Eyes,Anxious
1248,,,,,
1249,Dizzy,Dry Mouth,Paranoid,Dry Eyes,
1250,Dizzy,Dry Mouth,Paranoid,Dry Eyes,
1251,Dry Mouth,Paranoid,Dry Eyes,Anxious,
1252,Dizzy,Dry Mouth,Dry Eyes,,
1253,Dizzy,Dry Mouth,Paranoid,Dry Eyes,
1254,Dizzy,Dry Mouth,Dry Eyes,,
1255,,,,,
1256,Dry Mouth,,,,
1257,Dry Mouth,,,,
1258,Dizzy,Dry Mouth,Dry Eyes,,
1259,Dry Mouth,Paranoid,Dry Eyes,Anxious,
1260,Dizzy,Dry Mouth,Paranoid,Dry Eyes,
1261,Dizzy,Dry Mouth,,,
1262,Dizzy,Dry Mouth,Paranoid,Dry Eyes,
1263,Dizzy,Dry Mouth,Dry Eyes,Anxious,
1264,Dry Mouth,,,,
1265,Dry Eyes,,,,
1266,Dry Mouth,Paranoid,Dry Eyes,,
1267,Dizzy,Dry Mouth,Paranoid,Dry Eyes,
1268,Dry Mouth,Paranoid,Dry Eyes,,
1270,,,,,
1271,Dry Mouth,Dry Eyes,Anxious,,
1272,Dry Mouth,,,,
1273,Dry Mouth,Dry Eyes,Anxious,,
1274,Dry Mouth,Dry Eyes,Anxious,,
1275,Dry Mouth,Paranoid,Dry Eyes,,
1276,Dizzy,Dry Mouth,Dry Eyes,,
1277,Dizzy,Dry Mouth,Paranoid,Dry Eyes,
1278,,,,,
1279,Dizzy,Dry Mouth,Paranoid,Dry Eyes,Anxious
1280,Dizzy,Dry Mouth,,,
1281,Dizzy,Dry Mouth,Paranoid,Dry Eyes,
1282,,,,,
1284,Anxious,,,,
1285,Dry Mouth,,,,
1286,Dry Mouth,Paranoid,Dry Eyes,Anxious,
1287,Dizzy,Dry Mouth,Paranoid,Dry Eyes,Anxious
1288,Dry Eyes,,,,
1289,Dizzy,Dry Mouth,Paranoid,Dry Eyes,
1290,Dry Mouth,Dry Eyes,,,
1291,Dizzy,Dry Mouth,Paranoid,Dry Eyes,Anxious
1292,Dry Mouth,Dry Eyes,,,
1293,Dry Mouth,Paranoid,Dry Eyes,,
1294,Dizzy,Dry Mouth,Dry Eyes,,
1295,,,,,
1296,Dry Eyes,,,,
1299,,,,,
1300,Dizzy,Dry Mouth,Dry Eyes,,
1301,,,,,
1302,Dry Mouth,,,,
1303,Dry Mouth,,,,
1304,Dizzy,Dry Mouth,Paranoid,Dry Eyes,
1305,Dry Mouth,Dry Eyes,,,
1306,Dizzy,Dry Mouth,Paranoid,Dry Eyes,Anxious
1307,,,,,
1308,Dry Mouth,Dry Eyes,Anxious,,
1309,Dizzy,Dry Mouth,Paranoid,Dry Eyes,
1310,Dizzy,Dry Mouth,Dry Eyes,,
1311,Dizzy,Dry Mouth,Dry Eyes,Anxious,
1312,Dizzy,Dry Mouth,Paranoid,Dry Eyes,
1313,Dry Mouth,Dry Eyes,,,
1314,,,,,
1315,Dizzy,Dry Mouth,Paranoid,Dry Eyes,
1316,Dizzy,Dry Mouth,Paranoid,Dry Eyes,
1317,Dry Mouth,,,,
1318,,,,,
1319,Dry Mouth,,,,
1320,Dizzy,Dry Mouth,Dry Eyes,Anxious,
1321,Dizzy,Dry Mouth,,,
1322,Dizzy,Dry Mouth,Paranoid,Dry Eyes,
1323,Dry Mouth,,,,
1324,Dizzy,Dry Mouth,Dry Eyes,Anxious,
1325,Dizzy,Dry Mouth,Paranoid,Dry Eyes,Anxious
1326,Dizzy,Dry Mouth,Dry Eyes,Anxious,
1327,Dizzy,Dry Mouth,Paranoid,Dry Eyes,
1328,Dizzy,Dry Mouth,Paranoid,Dry Eyes,Anxious
1329,Dizzy,Dry Mouth,Paranoid,Dry Eyes,
1330,Dizzy,Dry Mouth,Paranoid,Dry Eyes,Anxious
1331,Dizzy,Dry Mouth,Paranoid,Dry Eyes,Anxious
1332,Dizzy,Dry Mouth,,,
1335,Dry Mouth,Paranoid,Dry Eyes,Anxious,
1336,,,,,
1337,Dry Mouth,Dry Eyes,,,
1338,Dizzy,Dry Mouth,Dry Eyes,,
1339,Dizzy,,,,
1340,,,,,
1341,,,,,
1342,Dizzy,Dry Mouth,Paranoid,Dry Eyes,Anxious
1343,Dizzy,Dry Mouth,Paranoid,Dry Eyes,Anxious
1344,Dry Mouth,Paranoid,Dry Eyes,Anxious,
1345,,,,,
1346,Dry Mouth,Paranoid,Dry Eyes,Anxious,
1347,Dizzy,Dry Mouth,Dry Eyes,Anxious,
1348,Dizzy,Dry Mouth,Paranoid,Dry Eyes,
1349,,,,,
1350,Dizzy,Dry Mouth,Paranoid,Dry Eyes,Anxious
1351,,,,,
1352,,,,,
1354,Dizzy,Dry Mouth,Paranoid,Dry Eyes,Anxious
1355,Dry Mouth,Anxious,,,
1356,Dizzy,Dry Mouth,Dry Eyes,Anxious,
1357,Dizzy,Dry Mouth,Paranoid,Dry Eyes,
1358,Dizzy,Dry Mouth,Paranoid,Dry Eyes,
1359,Dizzy,Dry Mouth,,,
1360,Dizzy,Dry Mouth,Paranoid,Dry Eyes,
1361,Dizzy,Dry Mouth,Paranoid,Dry Eyes,
1362,Dry Mouth,Paranoid,Dry Eyes,Anxious,
1363,Dry Mouth,Paranoid,Dry Eyes,Anxious,
1364,Dry Mouth,Dry Eyes,Anxious,,
1365,,,,,
1366,Dry Mouth,Paranoid,Dry Eyes,Anxious,
1367,Dry Mouth,Dry Eyes,,,
1368,Dizzy,Dry Mouth,Paranoid,Dry Eyes,
1369,Dry Mouth,,,,
1370,Paranoid,Dry Eyes,,,
1371,Dizzy,Dry Mouth,Paranoid,Dry Eyes,
1372,Dry Eyes,,,,
1373,Dizzy,Dry Mouth,Paranoid,Dry Eyes,Anxious
1374,Dizzy,Dry Mouth,Paranoid,Dry Eyes,
1375,,,,,
1376,,,,,
1377,Dizzy,Dry Mouth,Paranoid,,
1378,Dry Mouth,,,,
1379,,,,,
1380,Dizzy,Dry Mouth,Paranoid,Dry Eyes,Anxious
1381,Dry Mouth,Dry Eyes,,,
1382,Dry Mouth,Dry Eyes,,,
1383,Dizzy,Dry Mouth,Dry Eyes,,
1385,Dizzy,Dry Mouth,Dry Eyes,Anxious,
1386,Dry Mouth,,,,
1387,Dizzy,Dry Mouth,Dry Eyes,,
1388,Dizzy,Dry Mouth,Paranoid,Dry Eyes,
1389,Paranoid,Anxious,,,
1390,,,,,
1391,Dizzy,Dry Mouth,Paranoid,Dry Eyes,Anxious
1392,,,,,
1393,Dizzy,Dry Mouth,Dry Eyes,Anxious,
1394,Dry Mouth,,,,
1395,Dizzy,Dry Mouth,,,
1396,Dry Mouth,Dry Eyes,Anxious,,
1397,,,,,
1398,Dizzy,Dry Mouth,Paranoid,Dry Eyes,
1399,Dry Mouth,,,,
1400,Dry Mouth,,,,
1401,,,,,
1402,Dizzy,Dry Mouth,Dry Eyes,,
1403,Dry Mouth,Dry Eyes,,,
1406,Dry Mouth,Dry Eyes,,,
1407,Dry Mouth,,,,
1408,Dry Mouth,Dry Eyes,,,
1409,Dizzy,Dry Mouth,Paranoid,Dry Eyes,
1410,Dizzy,Dry Mouth,Anxious,,
1411,Dry Mouth,Paranoid,,,
1412,Dizzy,Dry Mouth,Paranoid,Dry Eyes,
1413,Dry Mouth,,,,
1414,,,,,
1415,Dizzy,Dry Mouth,Dry Eyes,,
1417,Dizzy,Dry Mouth,Dry Eyes,,
1418,Dizzy,Dry Mouth,Paranoid,Dry Eyes,Anxious
1419,Dry Mouth,Paranoid,Dry Eyes,Anxious,
1420,Dizzy,Dry Mouth,Paranoid,Dry Eyes,Anxious
1421,,,,,
1422,,,,,
1423,Dry Mouth,,,,
1424,Dry Mouth,Dry Eyes,,,
1425,Dry Mouth,Dry Eyes,,,
1426,,,,,
1427,Dry Mouth,Anxious,,,
1428,,,,,
1429,Dry Mouth,,,,
1430,,,,,
1431,Dizzy,Dry Mouth,Paranoid,Dry Eyes,
1432,Dry Mouth,Dry Eyes,,,
1433,Dizzy,Dry Eyes,Anxious,,
1434,Dry Mouth,Dry Eyes,,,
1435,Dry Mouth,Dry Eyes,,,
1437,Dizzy,Dry Mouth,Paranoid,Dry Eyes,
1438,Dizzy,Dry Mouth,Paranoid,Dry Eyes,
1439,Dizzy,Dry Mouth,Dry Eyes,,
1440,Dry Mouth,Dry Eyes,Anxious,,
1441,Dizzy,Dry Mouth,,,
1442,,,,,
1443,Dizzy,Dry Mouth,Paranoid,Dry Eyes,
1444,Dizzy,Dry Mouth,Dry Eyes,Anxious,
1445,Dry Mouth,,,,
1447,Dry Mouth,,,,
1448,Dizzy,Dry Mouth,Paranoid,Dry Eyes,
1449,Dizzy,Dry Mouth,Paranoid,Dry Eyes,
1450,Dizzy,Dry Mouth,Dry Eyes,,
1451,Dizzy,Dry Mouth,Dry Eyes,Anxious,
1452,Dizzy,Dry Mouth,Paranoid,Dry Eyes,
1453,Dry Mouth,Paranoid,Anxious,,
1455,Dizzy,Dry Mouth,Paranoid,Dry Eyes,
1456,Dry Eyes,,,,
1457,,,,,
1458,Dizzy,Dry Mouth,Paranoid,Dry Eyes,
1459,,,,,
1460,Dizzy,Dry Mouth,Paranoid,Dry Eyes,Anxious
1461,Dizzy,Dry Mouth,Paranoid,Dry Eyes,Anxious
1462,Dizzy,Dry Mouth,,,
1463,Dry Mouth,,,,
1464,Dry Mouth,Paranoid,Dry Eyes,Anxious,
1465,Dry Mouth,,,,
1466,Dizzy,Dry Mouth,Paranoid,Dry Eyes,
1467,Dizzy,Dry Mouth,Paranoid,Dry Eyes,
1468,Paranoid,Dry Eyes,,,
1469,Dizzy,Dry Mouth,Paranoid,Dry Eyes,Anxious
1470,Dry Mouth,Dry Eyes,,,
1471,Dry Mouth,,,,
1473,Dry Eyes,,,,
1474,Dry Mouth,Dry Eyes,,,
1475,Dry Mouth,,,,
1476,Dizzy,,,,
1477,,,,,
1478,Dizzy,Dry Mouth,Paranoid,,
1479,,,,,
1480,,,,,
1481,,,,,
1482,,,,,
1483,Dizzy,Dry Mouth,Paranoid,Dry Eyes,
1484,Dizzy,Dry Mouth,Paranoid,Dry Eyes,
1485,Dry Mouth,Paranoid,Dry Eyes,,
1486,Dizzy,Dry Mouth,Paranoid,Dry Eyes,
1487,Dry Mouth,Dry Eyes,,,
1488,Dizzy,Dry Mouth,Paranoid,Dry Eyes,
1489,,,,,
1490,Dizzy,Dry Mouth,Paranoid,Dry Eyes,Anxious
1491,Dry Mouth,Dry Eyes,,,
1492,Dizzy,Dry Eyes,,,
1493,Dizzy,Dry Mouth,Paranoid,Dry Eyes,Anxious
1494,,,,,
1495,Dry Mouth,Dry Eyes,,,
1496,,,,,
1497,Dizzy,Dry Mouth,Paranoid,Dry Eyes,Anxious
1498,Dry Mouth,Dry Eyes,,,
1499,Dizzy,Dry Mouth,Paranoid,Anxious,
1500,Dry Mouth,,,,
1501,,,,,
1502,Dizzy,Dry Mouth,Paranoid,Dry Eyes,
1503,Dry Mouth,Dry Eyes,,,
1504,Dry Mouth,Dry Eyes,,,
1505,Dry Mouth,Dry Eyes,,,
1506,Dry Eyes,,,,
1507,Dizzy,Dry Mouth,Paranoid,Dry Eyes,
1508,Dry Mouth,Dry Eyes,Anxious,,
1510,Dry Eyes,,,,
1511,,,,,
1512,,,,,
1513,Dizzy,Dry Mouth,Dry Eyes,,
1515,,,,,
1516,Dizzy,Dry Mouth,Paranoid,Dry Eyes,
1517,Paranoid,Anxious,,,
1518,Dizzy,Dry Mouth,Paranoid,Dry Eyes,
1519,Dry Mouth,Dry Eyes,,,
1520,Dizzy,Dry Mouth,Paranoid,Dry Eyes,Anxious
1521,Dizzy,Dry Mouth,Paranoid,Dry Eyes,Anxious
1522,Anxious,,,,
1524,Dizzy,Dry Mouth,Dry Eyes,,
1525,Dry Eyes,,,,
1526,,,,,
1527,Dizzy,Dry Mouth,Dry Eyes,Anxious,
1528,Dizzy,Dry Mouth,,,
1529,Dizzy,Dry Mouth,Paranoid,Dry Eyes,
1531,,,,,
1532,Dizzy,Dry Mouth,Dry Eyes,,
1534,Dry Mouth,Paranoid,Dry Eyes,,
1535,Dry Mouth,,,,
1536,Dizzy,Dry Mouth,Paranoid,Dry Eyes,Anxious
1537,Dizzy,Dry Mouth,Paranoid,Dry Eyes,
1538,,,,,
1539,Dry Mouth,Dry Eyes,,,
1540,Dry Mouth,Dry Eyes,,,
1542,Dry Mouth,Paranoid,Dry Eyes,Anxious,
1543,Dizzy,Dry Mouth,Dry Eyes,Anxious,
1544,Dizzy,Dry Mouth,Paranoid,Dry Eyes,Anxious
1545,Dry Mouth,Anxious,,,
1546,Dizzy,Dry Mouth,Paranoid,Dry Eyes,Anxious
1547,,,,,
1548,Dry Mouth,Paranoid,Dry Eyes,Anxious,
1549,Dizzy,Dry Mouth,Paranoid,Dry Eyes,Anxious
1550,Dizzy,Dry Mouth,Dry Eyes,,
1551,Dizzy,Dry Mouth,Paranoid,Dry Eyes,Anxious
1552,Dizzy,Dry Mouth,Paranoid,Dry Eyes,
1553,Dry Mouth,Dry Eyes,Anxious,,
1554,Dry Mouth,,,,
1555,,,,,
1556,Dry Mouth,Anxious,,,
1557,Dry Mouth,Paranoid,Dry Eyes,Anxious,
1558,Dry Mouth,Dry Eyes,Anxious,,
1559,Dizzy,Dry Mouth,Paranoid,Dry Eyes,
1560,Dizzy,Dry Mouth,Paranoid,Dry Eyes,
1561,,,,,
1562,Dizzy,Dry Mouth,Dry Eyes,Anxious,
1563,Dry Mouth,Dry Eyes,Anxious,,
1564,Dizzy,Dry Mouth,Dry Eyes,,
1565,,,,,
1566,Dry Mouth,,,,
1567,Dry Mouth,Paranoid,Dry Eyes,Anxious,
1568,Dry Mouth,Dry Eyes,,,
1569,,,,,
1570,Dizzy,Dry Mouth,Dry Eyes,,
1571,Dizzy,Dry Mouth,Dry Eyes,,
1572,Dry Mouth,Paranoid,Dry Eyes,,
1573,Dry Mouth,Paranoid,Anxious,,
1575,Dizzy,Dry Mouth,Paranoid,Dry Eyes,
1576,Dizzy,Dry Mouth,Paranoid,Dry Eyes,
1577,Dizzy,Dry Mouth,Paranoid,Dry Eyes,Anxious
1578,Dry Mouth,,,,
1579,Dizzy,Dry Mouth,Paranoid,Dry Eyes,Anxious
1580,Dizzy,Dry Mouth,Paranoid,Dry Eyes,Anxious
1581,Dizzy,Dry Mouth,Paranoid,Dry Eyes,Anxious
1582,Dizzy,Dry Mouth,Dry Eyes,Anxious,
1583,Dry Mouth,Paranoid,Dry Eyes,Anxious,
1584,Dizzy,Dry Mouth,Dry Eyes,,
1585,Dizzy,Dry Mouth,Paranoid,Dry Eyes,
1586,Dizzy,Dry Mouth,Paranoid,Anxious,
1587,,,,,
1588,Dry Eyes,,,,
1589,Dizzy,Dry Mouth,Paranoid,Dry Eyes,
1590,Dizzy,Dry Mouth,Paranoid,Dry Eyes,
1591,Dizzy,Dry Mouth,Dry Eyes,Anxious,
1592,Dizzy,Dry Mouth,Dry Eyes,Anxious,
1593,Dizzy,Dry Mouth,Paranoid,Dry Eyes,Anxious
1594,Dizzy,Dry Mouth,Dry Eyes,,
1595,Dizzy,Dry Mouth,Paranoid,Dry Eyes,
1596,Dry Mouth,Dry Eyes,,,
1597,,,,,
1598,Dry Eyes,,,,
1599,Dry Mouth,Dry Eyes,Anxious,,
1600,Dry Mouth,Paranoid,Anxious,,
1602,Dizzy,Dry Eyes,Anxious,,
1603,,,,,
1604,Dry Mouth,Paranoid,,,
1605,Dizzy,Dry Mouth,Paranoid,Dry Eyes,
1606,Dizzy,Dry Mouth,Paranoid,Dry Eyes,
1607,Dizzy,Dry Mouth,Paranoid,Dry Eyes,
1608,Dizzy,Dry Mouth,Paranoid,Dry Eyes,
1609,Dizzy,Dry Mouth,Paranoid,Dry Eyes,
1610,Dizzy,Dry Mouth,Paranoid,Dry Eyes,
1611,Dizzy,Dry Mouth,Paranoid,Dry Eyes,Anxious
1612,Dizzy,Dry Mouth,Paranoid,Dry Eyes,
1614,Dizzy,Dry Mouth,Dry Eyes,Anxious,
1615,Dry Mouth,Dry Eyes,,,
1616,Dizzy,Dry Mouth,Dry Eyes,,
1617,Dizzy,Dry Mouth,Paranoid,Dry Eyes,
1618,Dry Mouth,,,,
1619,Dizzy,Dry Mouth,Paranoid,Dry Eyes,
1620,Dry Mouth,,,,
1621,Dizzy,Dry Mouth,Paranoid,,
1622,Dry Mouth,Paranoid,Dry Eyes,,
1623,Dizzy,Dry Mouth,Paranoid,Dry Eyes,
1624,Dizzy,Dry Mouth,Dry Eyes,Anxious,
1625,,,,,
1626,Dry Mouth,,,,
1627,Dizzy,Dry Mouth,Paranoid,Anxious,
1628,Dizzy,Dry Mouth,Paranoid,Dry Eyes,Anxious
1629,Dry Mouth,Dry Eyes,,,
1630,Dizzy,Dry Mouth,Paranoid,Dry Eyes,Anxious
1631,Dry Mouth,Paranoid,Dry Eyes,Anxious,
1632,Dry Mouth,,,,
1633,,,,,
1634,Dizzy,Dry Mouth,Paranoid,Dry Eyes,
1635,Dizzy,Dry Mouth,Dry Eyes,Anxious,
1636,Dry Mouth,Dry Eyes,,,
1637,Dizzy,Dry Mouth,Paranoid,Dry Eyes,Anxious
1638,Dry Mouth,Dry Eyes,,,
1639,Dry Mouth,Paranoid,Dry Eyes,Anxious,
1640,Dizzy,Dry Mouth,Paranoid,Dry Eyes,
1641,Dizzy,Dry Mouth,Dry Eyes,,
1642,Dry Mouth,Dry Eyes,Anxious,,
1643,Dizzy,Dry Mouth,Paranoid,Dry Eyes,
1645,Dry Mouth,Dry Eyes,,,
1646,Paranoid,Anxious,,,
1647,Dry Mouth,Paranoid,Anxious,,
1648,Dizzy,Dry Mouth,Paranoid,Dry Eyes,
1649,Dizzy,Dry Mouth,Paranoid,Dry Eyes,
1650,Dry Mouth,Paranoid,Dry Eyes,Anxious,
1652,Dry Mouth,Paranoid,Dry Eyes,Anxious,
1653,Dry Mouth,,,,
1654,Dizzy,Dry Mouth,Paranoid,Dry Eyes,
1655,,,,,
1657,,,,,
1658,Dizzy,Dry Mouth,Paranoid,Dry Eyes,Anxious
1659,Dry Mouth,Dry Eyes,,,
1660,Dizzy,Dry Mouth,Dry Eyes,,
1661,Dry Mouth,Dry Eyes,,,
1662,Dizzy,Dry Mouth,Dry Eyes,Anxious,
1663,Dry Mouth,Paranoid,Dry Eyes,Anxious,
1664,Dry Mouth,Anxious,,,
1665,,,,,
1666,Dry Mouth,,,,
1667,Dry Mouth,,,,
1668,,,,,
1670,Dry Mouth,Dry Eyes,,,
1671,Dizzy,Dry Mouth,Paranoid,Dry Eyes,
1672,Dizzy,Dry Mouth,Paranoid,Dry Eyes,Anxious
1673,Dizzy,Dry Mouth,Paranoid,Dry Eyes,
1674,Dry Mouth,Dry Eyes,,,
1675,Dizzy,Dry Mouth,Paranoid,Dry Eyes,Anxious
1676,Dry Mouth,Dry Eyes,,,
1677,Dizzy,Dry Mouth,Dry Eyes,Anxious,
1678,Dizzy,Dry Mouth,Paranoid,Dry Eyes,
1679,Dizzy,Dry Mouth,Dry Eyes,,
1680,Dizzy,Dry Mouth,Dry Eyes,Anxious,
1681,,,,,
1682,Dizzy,Dry Mouth,Dry Eyes,Anxious,
1683,Dry Mouth,Paranoid,Anxious,,
1684,Dry Mouth,Dry Eyes,,,
1685,,,,,
1686,,,,,
1688,Dizzy,Dry Mouth,Paranoid,Dry Eyes,Anxious
1689,,,,,
1690,Dry Mouth,,,,
1691,Dizzy,Dry Mouth,Dry Eyes,,
1692,Dizzy,Dry Mouth,Paranoid,Dry Eyes,
1693,Dizzy,Dry Mouth,Paranoid,Dry Eyes,
1694,Dizzy,Dry Mouth,Paranoid,Dry Eyes,
1695,Dry Mouth,,,,
1696,,,,,
1697,,,,,
1699,Dry Mouth,Paranoid,Dry Eyes,,
1700,Dizzy,Dry Mouth,Paranoid,Dry Eyes,Anxious
1701,Dizzy,Dry Mouth,Dry Eyes,,
1702,Dizzy,Dry Mouth,Paranoid,Dry Eyes,Anxious
1703,Dizzy,Dry Mouth,Paranoid,Dry Eyes,Anxious
1704,Dizzy,Dry Mouth,Paranoid,Dry Eyes,
1705,Dizzy,Dry Mouth,Paranoid,Dry Eyes,
1706,Dizzy,Dry Mouth,Dry Eyes,,
1707,Dizzy,Dry Mouth,Dry Eyes,,
1708,Dry Mouth,,,,
1709,Dry Mouth,,,,
1710,,,,,
1713,Dizzy,Dry Mouth,Paranoid,Dry Eyes,
1714,Dry Mouth,,,,
1715,Dizzy,Dry Mouth,Dry Eyes,,
1716,Dizzy,Dry Mouth,Dry Eyes,,
1717,Dry Mouth,Dry Eyes,,,
1718,Dizzy,Dry Eyes,Anxious,,
1721,Dry Mouth,Dry Eyes,Anxious,,
1722,,,,,
1723,Dizzy,Dry Mouth,Dry Eyes,Anxious,
1724,,,,,
1725,,,,,
1726,Dry Mouth,Paranoid,Dry Eyes,,
1727,Dry Mouth,Paranoid,Dry Eyes,,
1728,Dizzy,Dry Mouth,Paranoid,Dry Eyes,Anxious
1729,Dry Mouth,Dry Eyes,Anxious,,
1730,Dry Mouth,Dry Eyes,,,
1732,Dry Mouth,Paranoid,Dry Eyes,,
1733,Paranoid,Anxious,,,
1734,Dry Mouth,,,,
1735,Dry Mouth,Dry Eyes,,,
1736,Dizzy,Dry Mouth,Dry Eyes,,
1737,Dizzy,Dry Mouth,Paranoid,Dry Eyes,Anxious
1738,Dizzy,Dry Mouth,Paranoid,Dry Eyes,
1739,Paranoid,Dry Eyes,Anxious,,
1740,Dry Mouth,Paranoid,Dry Eyes,,
1741,Paranoid,Dry Eyes,Anxious,,
1742,Dizzy,,,,
1743,Dry Mouth,,,,
1744,Dry Mouth,Dry Eyes,,,
1745,,,,,
1746,Dizzy,Dry Mouth,Paranoid,Dry Eyes,Anxious
1747,,,,,
1748,Dry Mouth,,,,
1749,Dizzy,Dry Mouth,Dry Eyes,Anxious,
1750,Dry Mouth,Paranoid,Dry Eyes,Anxious,
1751,Dry Mouth,,,,
1752,Dizzy,Dry Mouth,Paranoid,Dry Eyes,
1753,Dry Mouth,Paranoid,Dry Eyes,,
1754,Dry Mouth,Paranoid,Dry Eyes,Anxious,
1755,Dizzy,Dry Mouth,Dry Eyes,,
1756,Dizzy,Dry Mouth,Paranoid,Dry Eyes,Anxious
1757,Dry Mouth,,,,
1758,Dizzy,Dry Mouth,Paranoid,Dry Eyes,Anxious
1759,Dizzy,Dry Eyes,Anxious,,
1760,Dry Mouth,Dry Eyes,,,
1761,Dry Eyes,,,,
1762,,,,,
1763,Dry Mouth,Dry Eyes,,,
1764,Dizzy,Dry Mouth,Paranoid,Dry Eyes,
1765,Dizzy,Dry Mouth,Paranoid,Dry Eyes,Anxious
1767,Dry Mouth,,,,
1768,Dry Mouth,,,,
1769,Dry Mouth,Dry Eyes,,,
1770,Dry Mouth,Dry Eyes,,,
1771,,,,,
1772,Dizzy,Dry Mouth,Paranoid,Dry Eyes,
1773,Dry Mouth,Paranoid,Dry Eyes,,
1774,,,,,
1775,Dry Mouth,Paranoid,Anxious,,
1776,Dry Mouth,,,,
1777,Dizzy,Dry Mouth,Paranoid,Dry Eyes,
1778,,,,,
1779,Dry Mouth,Dry Eyes,Anxious,,
1780,Dry Mouth,,,,
1781,Dizzy,Dry Mouth,Paranoid,Dry Eyes,
1782,Dry Mouth,Dry Eyes,,,
1783,Dry Mouth,Dry Eyes,,,
1784,Anxious,,,,
1785,Dizzy,Dry Mouth,Dry Eyes,Anxious,
1786,Dizzy,Dry Mouth,Paranoid,Dry Eyes,
1787,Dizzy,Dry Mouth,Paranoid,Dry Eyes,Anxious
1789,Dizzy,Dry Mouth,Paranoid,Dry Eyes,
1790,Dizzy,Dry Mouth,Paranoid,Dry Eyes,Anxious
1791,,,,,
1792,Dizzy,Dry Mouth,Paranoid,Dry Eyes,
1793,Dizzy,Dry Mouth,Paranoid,Dry Eyes,
1794,,,,,
1795,Dizzy,Dry Mouth,Paranoid,Dry Eyes,
1796,Anxious,,,,
1797,Dry Mouth,Paranoid,Dry Eyes,Anxious,
1799,Dizzy,Dry Mouth,Paranoid,Dry Eyes,
1800,Dry Mouth,,,,
1802,Dizzy,Dry Mouth,Dry Eyes,Anxious,
1803,Dizzy,Dry Mouth,Paranoid,Dry Eyes,Anxious
1804,,,,,
1805,Dizzy,Dry Mouth,Paranoid,Dry Eyes,
1806,Dry Eyes,,,,
1807,,,,,
1808,Dizzy,Dry Mouth,,,
1809,Dry Mouth,Dry Eyes,,,
1810,Dizzy,Dry Mouth,Paranoid,Dry Eyes,
1812,Dizzy,Dry Mouth,,,
1813,,,,,
1814,,,,,
1815,Dry Mouth,Dry Eyes,,,
1816,Dry Mouth,Paranoid,Dry Eyes,,
1817,Dizzy,Dry Mouth,Paranoid,Dry Eyes,Anxious
1818,Dizzy,Dry Mouth,Paranoid,Dry Eyes,Anxious
1819,,,,,
1820,Dizzy,Dry Mouth,Paranoid,Dry Eyes,Anxious
1821,Dry Mouth,Dry Eyes,,,
1822,Dry Mouth,Dry Eyes,,,
1823,Dizzy,Dry Mouth,Dry Eyes,Anxious,
1824,Dizzy,Dry Mouth,Paranoid,Dry Eyes,Anxious
1825,Dry Mouth,Dry Eyes,,,
1826,Dry Mouth,Paranoid,Dry Eyes,,
1827,Dry Mouth,,,,
1828,Dry Mouth,Dry Eyes,,,
1829,Dizzy,Dry Mouth,Paranoid,Dry Eyes,
1830,Dry Mouth,,,,
1831,,,,,
1832,Dizzy,Dry Mouth,Paranoid,Dry Eyes,
1833,Anxious,,,,
1834,Dry Mouth,Paranoid,Dry Eyes,Anxious,
1835,Dry Mouth,,,,
1836,Dizzy,Dry Mouth,Dry Eyes,,
1837,Dry Mouth,Paranoid,Dry Eyes,Anxious,
1838,Dizzy,Dry Mouth,Paranoid,Dry Eyes,Anxious
1839,Dry Mouth,Paranoid,Dry Eyes,Anxious,
1840,Dizzy,Dry Mouth,Paranoid,Dry Eyes,Anxious
1841,,,,,
1842,Dry Mouth,Dry Eyes,,,
1843,,,,,
1844,Dry Mouth,Paranoid,Dry Eyes,,
1845,Dizzy,Dry Mouth,Paranoid,Dry Eyes,Anxious
1846,Dry Mouth,Paranoid,Dry Eyes,Anxious,
1847,,,,,
1848,Dry Eyes,,,,
1849,Dry Mouth,Dry Eyes,Anxious,,
1850,Dry Mouth,Paranoid,,,
1851,Dry Mouth,Dry Eyes,Anxious,,
1852,Dizzy,Dry Mouth,Dry Eyes,,
1853,Dizzy,Dry Mouth,Paranoid,Dry Eyes,
1854,Dry Mouth,Dry Eyes,,,
1855,Dry Eyes,,,,
1857,Dizzy,Dry Mouth,Dry Eyes,,
1858,Dry Mouth,Paranoid,Dry Eyes,Anxious,
1859,Dizzy,Dry Mouth,Dry Eyes,,
1860,,,,,
1861,Dry Mouth,Paranoid,Dry Eyes,,
1862,Dry Mouth,,,,
1864,Dry Mouth,,,,
1865,,,,,
1867,Dry Mouth,,,,
1868,Dry Mouth,Paranoid,Dry Eyes,Anxious,
1869,,,,,
1870,,,,,
1871,Dry Mouth,Dry Eyes,Anxious,,
1872,Dry Mouth,Paranoid,Dry Eyes,,
1873,Dry Mouth,,,,
1874,Dizzy,Dry Mouth,Paranoid,Dry Eyes,
1875,Dry Eyes,,,,
1876,Dry Mouth,Paranoid,Dry Eyes,,
1877,Dizzy,Dry Mouth,,,
1878,Dizzy,Dry Mouth,Dry Eyes,,
1879,Dizzy,Dry Mouth,Paranoid,Dry Eyes,
1880,Dizzy,Dry Mouth,Paranoid,Dry Eyes,Anxious
1881,Dizzy,Dry Mouth,Paranoid,Dry Eyes,
1882,Dizzy,Dry Mouth,Paranoid,Dry Eyes,Anxious
1883,Dry Mouth,Dry Eyes,Anxious,,
1884,Dry Mouth,Paranoid,Dry Eyes,Anxious,
1885,,,,,
1886,Dizzy,Dry Mouth,Paranoid,Dry Eyes,
1887,Dizzy,Dry Mouth,Dry Eyes,Anxious,
1888,Dizzy,Dry Mouth,Paranoid,Dry Eyes,Anxious
1889,Dry Mouth,,,,
1890,Paranoid,Dry Eyes,Anxious,,
1891,,,,,
1892,,,,,
1893,,,,,
1894,Dizzy,Dry Mouth,Paranoid,Dry Eyes,Anxious
1895,Dizzy,Dry Mouth,Paranoid,Dry Eyes,
1896,Dry Mouth,Dry Eyes,,,
1897,Dry Eyes,,,,
1898,Dry Mouth,Dry Eyes,,,
1899,Dizzy,Dry Mouth,Dry Eyes,,
1900,Dry Mouth,Dry Eyes,,,
1901,Dizzy,Dry Mouth,Dry Eyes,,
1902,Dry Mouth,Dry Eyes,,,
1903,Paranoid,Anxious,,,
1904,Dry Mouth,Dry Eyes,,,
1905,Dry Mouth,Paranoid,Dry Eyes,Anxious,
1906,Dry Mouth,Dry Eyes,,,
1907,Dizzy,Dry Mouth,Paranoid,Dry Eyes,
1908,Dry Mouth,Dry Eyes,,,
1909,,,,,
1910,Dry Eyes,,,,
1911,Dry Mouth,,,,
1912,Dizzy,Dry Mouth,Paranoid,Dry Eyes,
1913,Dizzy,,,,
1914,Dry Eyes,,,,
1915,,,,,
1917,Dizzy,Dry Mouth,Paranoid,Dry Eyes,Anxious
1918,Dizzy,Dry Mouth,Paranoid,,
1919,Dizzy,Dry Mouth,Paranoid,Dry Eyes,
1920,Dizzy,Dry Mouth,Paranoid,Dry Eyes,Anxious
1921,,,,,
1923,Dry Mouth,Dry Eyes,,,
1924,Dizzy,Dry Mouth,Paranoid,Dry Eyes,
1925,,,,,
1926,Dry Mouth,,,,
1928,Dry Mouth,,,,
1929,,,,,
1930,Dizzy,Dry Mouth,Paranoid,Dry Eyes,Anxious
1931,Dry Mouth,Anxious,,,
1932,Dizzy,Dry Mouth,Paranoid,,
1933,Dry Mouth,Paranoid,,,
1934,,,,,
1936,Dry Mouth,Paranoid,Dry Eyes,Anxious,
1937,Dizzy,Dry Mouth,Paranoid,Dry Eyes,
1938,Dizzy,Dry Mouth,Dry Eyes,Anxious,
1939,Dizzy,Dry Mouth,Paranoid,Dry Eyes,
1940,,,,,
1941,Dizzy,Dry Mouth,Dry Eyes,,
1942,,,,,
1943,Dizzy,Dry Mouth,Paranoid,Dry Eyes,Anxious
1944,,,,,
1945,,,,,
1946,Dry Mouth,Paranoid,,,
1947,Dizzy,Dry Mouth,Paranoid,Anxious,
1949,,,,,
1950,Dry Mouth,,,,
1951,Dry Mouth,,,,
1952,,,,,
1953,Dizzy,Dry Mouth,Dry Eyes,Anxious,
1954,Dry Mouth,Dry Eyes,Anxious,,
1955,Anxious,,,,
1956,Dry Mouth,,,,
1957,Dizzy,Dry Mouth,Paranoid,Dry Eyes,Anxious
1960,Dry Mouth,Dry Eyes,Anxious,,
1961,,,,,
1962,,,,,
1963,Dry Mouth,Dry Eyes,,,
1964,,,,,
1965,,,,,
1966,Dizzy,Dry Mouth,Dry Eyes,Anxious,
1968,Dry Mouth,Paranoid,Dry Eyes,Anxious,
1969,Dizzy,Dry Mouth,Paranoid,Dry Eyes,Anxious
1970,Dry Mouth,Paranoid,Dry Eyes,,
1971,Dry Mouth,Dry Eyes,,,
1972,,,,,
1973,,,,,
1974,Dry Eyes,,,,
1975,Dry Mouth,,,,
1976,Anxious,,,,
1977,Dry Mouth,Dry Eyes,,,
1978,Dizzy,Dry Mouth,Paranoid,Dry Eyes,
1979,Dizzy,Dry Mouth,Paranoid,Dry Eyes,Anxious
1980,,,,,
1981,Dry Eyes,,,,
1982,Dizzy,Dry Mouth,Paranoid,Dry Eyes,Anxious
1983,Dry Mouth,Paranoid,Dry Eyes,,
1984,Dry Mouth,Paranoid,Dry Eyes,,
1985,Dry Mouth,,,,
1986,,,,,
1987,,,,,
1988,Dry Mouth,,,,
1989,Dry Mouth,Paranoid,,,
1990,Dizzy,Dry Mouth,Dry Eyes,,
1991,,,,,
1992,Dry Mouth,,,,
1993,Dizzy,Dry Mouth,Dry Eyes,Anxious,
1994,Dry Eyes,,,,
1995,,,,,
1996,Dry Eyes,Anxious,,,
1997,,,,,
1999,Dry Mouth,Paranoid,Dry Eyes,,
2000,,,,,
2001,Dizzy,Dry Mouth,Dry Eyes,Anxious,
2002,Dizzy,Dry Mouth,Paranoid,Dry Eyes,Anxious
2003,Dizzy,Dry Mouth,Dry Eyes,Anxious,
2005,,,,,
2006,,,,,
2007,Dry Mouth,,,,
2008,Dry Mouth,Dry Eyes,,,
2009,Dizzy,Dry Mouth,Paranoid,Dry Eyes,Anxious
2010,Dizzy,Dry Eyes,,,
2011,,,,,
2012,Dry Mouth,Paranoid,Dry Eyes,,
2013,Dizzy,Dry Mouth,Paranoid,Dry Eyes,
2014,Dry Eyes,,,,
2015,Dizzy,Dry Mouth,Paranoid,Dry Eyes,Anxious
2016,Anxious,,,,
2017,,,,,
2018,Dry Mouth,Dry Eyes,,,
2019,Dry Mouth,Paranoid,Dry Eyes,,
2020,Dizzy,Dry Mouth,Paranoid,Dry Eyes,
2022,Dizzy,Dry Mouth,Dry Eyes,,
2023,,,,,
2024,Dizzy,Dry Mouth,Paranoid,Dry Eyes,
2025,Dry Mouth,Dry Eyes,,,
2026,Dizzy,Dry Mouth,Paranoid,Dry Eyes,Anxious
2027,Dry Mouth,Paranoid,Dry Eyes,Anxious,
2028,Dry Mouth,Anxious,,,
2029,,,,,
2030,Dry Mouth,,,,
2031,Dizzy,Dry Mouth,Anxious,,
2032,Dizzy,Dry Mouth,Paranoid,Dry Eyes,
2033,Dizzy,Dry Mouth,Dry Eyes,Anxious,
2034,Dizzy,Dry Mouth,Paranoid,Dry Eyes,
2035,Dizzy,Dry Mouth,Dry Eyes,,
2036,Dry Mouth,Dry Eyes,,,
2037,Dry Mouth,,,,
2038,Dry Mouth,,,,
2039,Dry Eyes,,,,
2040,Dizzy,Dry Mouth,Dry Eyes,,
2041,Dry Mouth,,,,
2042,Dizzy,Anxious,,,
2043,Dry Mouth,,,,
2044,Dizzy,Dry Mouth,Dry Eyes,,
2045,Dry Mouth,,,,
2046,Dizzy,Dry Mouth,Paranoid,Dry Eyes,Anxious
2048,Dry Mouth,Dry Eyes,Anxious,,
2050,Dry Mouth,Paranoid,Dry Eyes,,
2051,Dizzy,Dry Mouth,Paranoid,Dry Eyes,Anxious
2052,Dry Mouth,,,,
2053,Dizzy,Dry Mouth,Dry Eyes,Anxious,
2054,Dry Mouth,,,,
2055,Dizzy,Dry Mouth,Paranoid,Dry Eyes,Anxious
2057,Dizzy,Dry Mouth,Paranoid,Dry Eyes,
2058,Dizzy,Dry Mouth,,,
2059,Dizzy,Anxious,,,
2060,Dry Mouth,Paranoid,Dry Eyes,,
2061,Dizzy,Dry Mouth,Dry Eyes,Anxious,
2062,,,,,
2063,Dry Mouth,Dry Eyes,,,
2064,Dry Mouth,Dry Eyes,,,
2065,Dizzy,Paranoid,,,
2066,,,,,
2067,Dry Mouth,,,,
2069,Dizzy,Dry Mouth,Dry Eyes,Anxious,
2070,Dizzy,Dry Mouth,Paranoid,Dry Eyes,Anxious
2071,Dizzy,Dry Mouth,Paranoid,Dry Eyes,Anxious
2072,Dizzy,Dry Mouth,Paranoid,Dry Eyes,
2073,,,,,
2074,Paranoid,Dry Eyes,Anxious,,
2075,Dizzy,Dry Mouth,,,
2076,Dry Mouth,,,,
2077,,,,,
2078,Dry Mouth,Paranoid,Dry Eyes,Anxious,
2079,Dry Mouth,,,,
2080,Dry Mouth,Dry Eyes,Anxious,,
2081,,,,,
2082,Dizzy,Dry Mouth,Paranoid,Dry Eyes,
2083,,,,,
2084,Dizzy,Dry Mouth,Dry Eyes,Anxious,
2085,,,,,
2086,Dry Mouth,Dry Eyes,,,
2087,Dry Mouth,Dry Eyes,,,
2088,Dizzy,Dry Mouth,Paranoid,Dry Eyes,Anxious
2089,Dizzy,Dry Mouth,Dry Eyes,,
2090,Dizzy,Dry Mouth,Dry Eyes,,
2091,,,,,
2092,,,,,
2093,Dry Mouth,,,,
2094,,,,,
2095,Dizzy,Dry Mouth,Dry Eyes,,
2096,Dizzy,Dry Mouth,Paranoid,Dry Eyes,Anxious
2097,Dizzy,Dry Mouth,Paranoid,Dry Eyes,Anxious
2098,Dry Mouth,,,,
2099,Paranoid,,,,
2100,Dry Mouth,,,,
2101,Dry Eyes,,,,
2102,Dry Mouth,,,,
2103,Dizzy,Dry Mouth,Paranoid,Dry Eyes,Anxious
2104,Dry Mouth,Paranoid,Dry Eyes,Anxious,
2105,Dizzy,Dry Mouth,Dry Eyes,,
2106,Dry Mouth,,,,
2107,Dry Mouth,Paranoid,Dry Eyes,Anxious,
2108,Dizzy,Dry Mouth,Dry Eyes,,
2109,Dry Mouth,Paranoid,Dry Eyes,,
2110,Dizzy,Dry Mouth,Paranoid,Dry Eyes,Anxious
2111,Dry Mouth,Paranoid,Dry Eyes,Anxious,
2112,Dizzy,Dry Mouth,Paranoid,Dry Eyes,
2114,,,,,
2115,Dry Mouth,Paranoid,Dry Eyes,Anxious,
2116,Dizzy,Dry Mouth,Dry Eyes,,
2117,Anxious,,,,
2118,,,,,
2119,Dry Mouth,Paranoid,Anxious,,
2120,Dry Mouth,Paranoid,Dry Eyes,Anxious,
2121,Dry Mouth,Dry Eyes,,,
2123,Dizzy,Dry Mouth,Paranoid,Dry Eyes,Anxious
2124,Dizzy,Dry Mouth,Paranoid,Dry Eyes,
2125,Dry Mouth,,,,
2126,Dry Eyes,,,,
2127,Dizzy,Dry Mouth,Anxious,,
2128,Dizzy,Dry Mouth,Paranoid,Dry Eyes,
2129,,,,,
2130,Dizzy,Dry Mouth,Paranoid,Dry Eyes,
2131,Dizzy,Dry Mouth,Dry Eyes,,
2132,,,,,
2133,Dizzy,Dry Mouth,Dry Eyes,Anxious,
2134,Dry Mouth,Paranoid,Dry Eyes,,
2135,Dizzy,Dry Mouth,Dry Eyes,Anxious,
2136,Dizzy,Dry Mouth,Paranoid,Dry Eyes,
2137,,,,,
2138,,,,,
2139,Dry Mouth,,,,
2141,,,,,
2142,,,,,
2143,,,,,
2144,Dizzy,Dry Mouth,Paranoid,Dry Eyes,
2145,Dry Mouth,,,,
2146,Dizzy,Dry Mouth,Paranoid,Dry Eyes,Anxious
2147,,,,,
2148,Dry Mouth,Anxious,,,
2149,Dry Mouth,,,,
2150,Dizzy,Dry Mouth,Paranoid,Dry Eyes,
2151,Dry Mouth,,,,
2152,Dry Mouth,Anxious,,,
2153,Dizzy,Dry Mouth,Paranoid,Dry Eyes,
2154,Dry Mouth,Dry Eyes,Anxious,,
2156,Dry Mouth,Dry Eyes,Anxious,,
2157,Dizzy,,,,
2158,Dizzy,Dry Mouth,Paranoid,Dry Eyes,
2159,Dizzy,Dry Mouth,Dry Eyes,,
2160,Dizzy,Dry Mouth,Paranoid,Dry Eyes,
2161,,,,,
2162,Dizzy,Dry Mouth,Paranoid,Anxious,