id,flavors1,flavors2,flavors3
1,Earthy,Chemical,Pine
2,Spicy/Herbal,Pungent,Earthy
3,Pepper,Flowery,Pine
4,Pine,Earthy,Flowery
5,Citrus,Orange,Sweet
6,Skunk,Pepper,Citrus
8,Earthy,Woody,Pungent
9,Grape,Pepper,Skunk
10,Earthy,Pine,Minty
11,Earthy,Woody,Pine
12,Earthy,Pine,Skunk
13,Cheese,Chemical,Sweet
14,Diesel,Pungent,Tropical
15,Citrus,Grapefruit,Earthy
16,Earthy,Nutty,Lemon
17,Berry,Blueberry,Citrus
18,Citrus,Pungent,Lemon
19,Earthy,Ammonia,Diesel
20,Earthy,Pungent,Spicy/Herbal
21,Berry,Lemon,Sweet
22,Chemical,Diesel,Earthy
23,Pine,Diesel,Earthy
24,Woody,Flowery,Earthy
25,Lemon,Flowery,Earthy
26,Skunk,Diesel,Pungent
27,Earthy,Chemical,Citrus
28,Sweet,Earthy,Citrus
29,Apple,Orange,Ammonia
30,Earthy,Pungent,Rose
31,Spicy/Herbal,Chemical,Woody
32,Berry,Butter,Citrus
33,Berry,Tropical,Mango
34,Honey,Spicy/Herbal,Earthy
35,Tropical,Sweet,Citrus
36,Citrus,Earthy,Pungent
37,Berry,Sweet,Citrus
38,Blueberry,Sweet,Berry
40,Spicy/Herbal,Nutty,Tea
41,Berry,Earthy,Tea
42,Berry,Blueberry,Pine
43,Pine,Earthy,Lemon
44,Earthy,Tropical,Butter
45,Earthy,Sweet,Pungent
46,Sweet,Lemon,Lime
47,Earthy,Diesel,Spicy/Herbal
50,Earthy,Sweet,Citrus
52,Citrus,Lemon,Earthy
53,Cheese,Skunk,Citrus
54,Earthy,Diesel,Nutty
55,Sweet,Earthy,Pungent
56,Pungent,Earthy,Berry
57,Sweet,Earthy,Pungent
58,Earthy,Pungent,Citrus
59,Grape,Sweet,Lavender
60,Pungent,Cheese,Citrus
61,Earthy,Sweet,Woody
62,Pungent,Earthy,Woody
63,Tropical,Grape,Citrus
64,Apple,Pungent,Skunk
65,Apple,Diesel,Sweet
66,Berry,Earthy,Flowery
68,Ammonia,Skunk,
69,Blueberry,Sweet,Earthy
70,Sweet,Earthy,Citrus
71,Earthy,Woody,Citrus
72,Strawberry,Sweet,Earthy
73,Mint,Pepper,Spicy/Herbal
74,Citrus,Earthy,Pungent
75,Earthy,Skunk,Flowery
76,Earthy,Pine,Pungent
77,Earthy,Skunk,Woody
78,Spicy/Herbal,Skunk,Earthy
79,Citrus,Sweet,Grapefruit
80,Earthy,Ammonia,Apple
81,Flowery,Citrus,Earthy
82,Nutty,Sweet,Earthy
83,Earthy,Skunk,Pungent
84,Minty,Nutty,Pine
85,Sweet,Earthy,Skunk
86,Earthy,Pine,Citrus
87,Earthy,Nutty,Sweet
88,Earthy,Pungent,
89,Earthy,Woody,Sweet
90,Sweet,Berry,Earthy
91,Earthy,Sweet,Woody
92,Earthy,Sweet,Chestnut
93,Berry,Blueberry,Lemon
94,Flowery,Minty,Earthy
95,Skunk,Earthy,Sweet
96,Skunk,Diesel,Lemon
97,Sweet,Honey,Tree Fruit
98,Flowery,Berry,Earthy
99,Earthy,Pungent,Woody
100,Earthy,Sweet,Diesel
101,Chemical,Earthy,Pine
102,Tree Fruit,Flowery,Earthy
103,Sweet,Diesel,Earthy
104,Sweet,Tropical,Tree Fruit
105,Sweet,Earthy,Flowery
106,Sweet,Tree Fruit,Pear
107,Tropical,Tree Fruit,Chemical
108,Earthy,Pungent,Woody
109,Earthy,Lime,Pungent
110,Earthy,Spicy/Herbal,Woody
112,Skunk,Sweet,Tropical
113,Earthy,Sweet,Citrus
114,Citrus,Earthy,Pungent
115,Sweet,Berry,Citrus
116,Earthy,Apricot,Cheese
117,Earthy,Flowery,Grape
118,Chemical,Spicy/Herbal,Nutty
119,Citrus,Pine,Lemon
120,Citrus,Pungent,Sweet
121,Peach,Earthy,Butter
122,Sweet,Earthy,Pine
123,Berry,Sweet,Earthy
124,Berry,Earthy,Ammonia
125,Berry,Apple,Sweet
126,Berry,Sweet,Blueberry
128,Blueberry,Cheese,Berry
129,Cheese,Diesel,Pungent
130,Earthy,Pine,Woody
135,Earthy,Chemical,Diesel
138,Strawberry,,
143,Berry,Grape,Lavender
145,Earthy,,
147,Blue Cheese,Flowery,Orange
148,Ammonia,Chemical,Menthol
150,Cheese,,
151,Earthy,Pungent,
152,Butter,,
156,Coffee,Earthy,Flowery
159,Citrus,Earthy,Blueberry
161,Earthy,Flowery,Pungent
162,Earthy,Pungent,Woody
166,Earthy,Grapefruit,Pine
167,Grape,Berry,Woody
168,Berry,Grape,
170,Woody,Chestnut,Lemon
171,Flowery,Pungent,Sweet
175,Grapefruit,Lime,Skunk
177,Skunk,Sweet,Tropical
178,Blueberry,Citrus,Lemon
180,Citrus,Sweet,Tar
181,Sweet,Citrus,Lemon
183,Berry,Pine,Skunk
184,Berry,Blueberry,Diesel
187,Minty,Sweet,Lavender
189,Citrus,Flowery,Lemon
190,Lime,,
192,Mango,Sweet,Berry
193,Flowery,Earthy,Pepper
194,Earthy,Pungent,Sweet
196,Sweet,,
198,Earthy,Spicy/Herbal,Woody
200,Lemon,,
202,Citrus,Earthy,Lemon
203,Citrus,Flowery,Tea
205,Mango,Pineapple,Butter
206,Pine,Pineapple,Tropical
211,Diesel,Earthy,Spicy/Herbal
212,Berry,Sweet,Citrus
221,Berry,Citrus,Strawberry
222,Pungent,Grapefruit,
223,Citrus,Diesel,Earthy
224,Diesel,Pungent,Skunk
225,Sweet,Blueberry,
226,Strawberry,,
227,Lemon,Citrus,Sage
232,Citrus,Orange,
234,Berry,Apple,Blueberry
236,Apple,Citrus,Diesel
237,Blueberry,Earthy,Lavender
239,Citrus,Flowery,Tropical
240,Citrus,Flowery,Sweet
241,Earthy,Woody,Pine
242,Sweet,Lemon,Pine
243,Sweet,Citrus,Earthy
244,Flowery,Berry,Pungent
245,Earthy,Pungent,Woody
246,Cheese,Pungent,Earthy
247,Earthy,Pungent,Woody
248,Citrus,Lemon,Lime
249,Citrus,Earthy,Pungent
250,Flowery,Skunk,
251,Chemical,Berry,Pungent
252,Blueberry,Earthy,Pine
253,Pine,Woody,Earthy
254,Flowery,Diesel,Earthy
255,Earthy,Pungent,Sweet
256,Earthy,Sage,Spicy/Herbal
257,Diesel,Pungent,Earthy
258,Earthy,Flowery,Chemical
259,Spicy/Herbal,Skunk,Earthy
261,Sweet,Vanilla,Skunk
262,Pungent,Earthy,Coffee
263,Pepper,Earthy,Pungent
264,Berry,Sweet,Citrus
265,Earthy,Flowery,Pine
266,Berry,Sweet,Cheese
267,Sweet,Berry,Earthy
268,Earthy,Lavender,Plum
269,Sweet,Berry,Earthy
270,Sweet,Berry,Earthy
271,Earthy,Sweet,Berry
272,Diesel,Pungent,Earthy
273,Pepper,Spicy/Herbal,Woody
274,Earthy,Pine,Flowery
275,Earthy,Woody,Pine
276,Sweet,Pine,Earthy
277,Woody,Berry,Citrus
278,Lime,Citrus,Sweet
279,Earthy,,
280,Berry,Earthy,Spicy/Herbal
281,Sweet,Woody,Earthy
282,Citrus,Earthy,Lemon
283,Earthy,Woody,Pungent
284,Sweet,Pine,Flowery
285,Woody,Earthy,Sweet
286,Berry,Sweet,Earthy
287,Berry,Blueberry,Skunk
288,Berry,Chemical,
289,Berry,Sweet,Woody
290,Diesel,Pungent,Berry
291,Chemical,Grapefruit,Nutty
293,Berry,Earthy,Nutty
294,Berry,Sweet,Lemon
295,Berry,Sweet,Earthy
296,Berry,Lime,Sweet
297,Sweet,Blueberry,Berry
298,Berry,Sweet,Spicy/Herbal
299,Berry,Sweet,Pungent
300,Berry,Blueberry,Skunk
301,Earthy,Grape,Sweet
302,Blueberry,Berry,Sweet
303,Sweet,Vanilla,Earthy
304,Pine,Citrus,Earthy
305,Lime,Earthy,Sweet
306,Earthy,Flowery,Berry
307,Earthy,Chestnut,Sage
308,Pine,Earthy,Sage
309,Blueberry,Berry,Minty
310,Blueberry,Woody,Pungent
311,Blueberry,Earthy,Pine
312,Berry,Pine,
313,Sweet,,
314,Blueberry,Earthy,Sweet
315,Earthy,Sweet,Pungent
316,Blueberry,Citrus,Pungent
317,Earthy,Sweet,Pine
318,Blue Cheese,Cheese,Blueberry
319,Blueberry,Earthy,
320,Blueberry,Berry,Sweet
321,Berry,Sweet,Blueberry
322,Sweet,Earthy,Flowery
323,Blueberry,Diesel,Berry
324,Earthy,Pungent,Berry
325,Blueberry,Berry,Diesel
326,Blueberry,Sweet,Berry
327,Earthy,Sweet,Blueberry
328,Sweet,Cheese,Berry
329,Sweet,Berry,Blueberry
330,Blueberry,Sweet,Berry
331,Berry,Pine,Flowery
332,Blueberry,Sweet,Earthy
333,Sweet,Blueberry,Tropical
334,Blueberry,Earthy,Sweet
335,Woody,Pine,Spicy/Herbal
336,Earthy,Pepper,Blueberry
337,Sweet,Citrus,Blueberry
338,Berry,Blueberry,Flowery
339,Sweet,Blueberry,Berry
340,Earthy,Grape,
341,Berry,Sweet,Earthy
342,Blueberry,Sweet,Earthy
343,Blueberry,Tropical,Sweet
344,Sweet,Earthy,Blueberry
345,Berry,Blueberry,Diesel
346,Flowery,Lemon,Blueberry
347,Earthy,Berry,Pine
348,Earthy,Flowery,Pepper
349,Earthy,Blueberry,Sweet
350,Berry,Earthy,Sage
352,Berry,Blueberry,Sweet
353,Berry,Blueberry,Coffee
354,Blueberry,Sweet,Berry
355,Berry,Earthy,Chemical
356,Blueberry,Berry,Sweet
357,Sweet,Blueberry,Plum
358,Earthy,Sweet,Blueberry
359,Blueberry,Pungent,
360,Blueberry,,
361,Blueberry,Sweet,Flowery
363,Blueberry,Earthy,Apricot
364,Sweet,Berry,Blueberry
365,Blueberry,Berry,Sweet
366,Earthy,Sweet,Berry
367,Blueberry,,
368,Blueberry,Earthy,Honey
369,Pungent,Berry,Coffee
370,Blueberry,Berry,Sweet
371,Blueberry,Sweet,Citrus
372,Blueberry,Pungent,Sweet
373,Blueberry,Cheese,Berry
374,Blueberry,Diesel,Earthy
375,Blueberry,Berry,Earthy
376,Blueberry,Earthy,Flowery
377,Blueberry,Berry,Earthy
378,Blueberry,Sweet,Berry
379,Blueberry,Pine,Berry
380,Blueberry,Berry,Sweet
381,Blueberry,Sweet,Berry
382,Blueberry,Sweet,Berry
383,Blueberry,Earthy,Berry
384,Blueberry,Sweet,Earthy
385,Blueberry,Sweet,Berry
386,Berry,Blueberry,Flowery
387,Blueberry,Berry,Sweet
388,Blueberry,Sweet,Tropical
389,Blueberry,Sweet,Berry
390,Berry,Pungent,Blue Cheese
392,Blueberry,Berry,Earthy
393,Pepper,Tobacco,Sweet
394,Earthy,Honey,Pepper
395,Chemical,Sage,Diesel
396,Citrus,Sweet,Tropical
397,Sweet,Earthy,Grape
398,Sweet,Earthy,Berry
400,Earthy,Pungent,Skunk
401,Sweet,Citrus,Earthy
402,Earthy,Woody,Lemon
403,Berry,Earthy,Sweet
404,Pine,Diesel,Menthol
405,Earthy,Spicy/Herbal,Pepper
406,Earthy,Citrus,Sweet
407,Earthy,Pine,Tar
409,Berry,Earthy,Spicy/Herbal
410,Berry,Sweet,Sage
413,Mango,Tropical,Citrus
414,Earthy,Sweet,Diesel
415,Sweet,Earthy,Diesel
418,Earthy,Sweet,Pungent
419,Earthy,Flowery,Pungent
420,Earthy,Pungent,Ammonia
421,Diesel,Pine,Skunk
423,Sweet,Berry,Grape
424,Cheese,Earthy,Tropical
425,Sweet,Flowery,Berry
426,Sweet,Berry,Blueberry
427,Sweet,Earthy,Flowery
428,Pepper,Blueberry,Mint
429,Sweet,Earthy,Rose
430,Diesel,Grape,Berry
431,Spicy/Herbal,Earthy,Woody
432,Sweet,Pine,Lemon
433,Citrus,Lemon,Pineapple
434,Blueberry,Cheese,Earthy
435,Pine,Sweet,Earthy
436,Earthy,Pungent,Flowery
437,Earthy,Berry,Sweet
438,Earthy,Sweet,Pine
439,Butter,Vanilla,Sweet
440,Nutty,Tar,Woody
441,Earthy,Pungent,Chestnut
443,Pine,Earthy,Lemon
444,Earthy,Citrus,Lemon
445,Earthy,Sweet,Pine
446,Earthy,Sweet,Pungent
448,Mango,Tropical,Pepper
449,Berry,Flowery,Sweet
450,Earthy,Woody,Pine
451,Skunk,Apple,Diesel
452,Grapefruit,Menthol,Nutty
453,Citrus,Earthy,Pungent
454,Citrus,Sweet,Chemical
455,Grape,Sweet,Citrus
456,Earthy,Skunk,Woody
457,Diesel,Skunk,Sweet
458,Sweet,Earthy,Woody
459,Citrus,Grapefruit,Pear
461,Orange,Citrus,Sweet
462,Lemon,Citrus,Diesel
463,Earthy,Tropical,Flowery
464,Citrus,Sweet,Lemon
465,Sweet,Mint,Pepper
466,Sweet,Skunk,Earthy
467,Sweet,Earthy,Pungent
468,Earthy,Woody,Spicy/Herbal
469,Earthy,Pungent,
470,Earthy,Pungent,Diesel
471,Tropical,Sweet,Earthy
472,Sweet,Tropical,Pine
473,Earthy,Pine,Citrus
474,Pungent,Skunk,Earthy
476,Diesel,Berry,Citrus
477,Sweet,Berry,Earthy
478,Sweet,Coffee,Earthy
479,Coffee,Earthy,Flowery
480,Sweet,Vanilla,Coffee
481,Earthy,Pine,Pungent
482,Sweet,Flowery,Lavender
483,Skunk,Sweet,Chemical
484,Earthy,Pine,
485,Earthy,Flowery,Sweet
486,Earthy,Sweet,Woody
487,Berry,Pine,Sweet
488,Earthy,Pungent,Sweet
489,Pungent,Pine,Earthy
490,Pungent,Spicy/Herbal,Lemon
491,Earthy,Ammonia,Chemical
492,Sweet,Honey,Pineapple
493,Earthy,Butter,Diesel
494,Citrus,Pepper,Vanilla
495,Chemical,Citrus,Diesel
496,Earthy,Sweet,Pungent
497,Sweet,Citrus,Blueberry
498,Pine,Earthy,Sweet
499,Cheese,Pungent,Earthy
500,Cheese,Earthy,Sweet
501,Cheese,Earthy,Pungent
502,Earthy,Cheese,Coffee
503,Cheese,Blue Cheese,Woody
504,Sweet,Earthy,Pungent
505,Citrus,Earthy,Lemon
507,Earthy,Sweet,Skunk
508,Earthy,Flowery,Grape
509,Chemical,Pungent,Citrus
510,Diesel,Chemical,Pungent
511,Diesel,Earthy,Pungent
512,Skunk,Earthy,Citrus
513,Pungent,Pine,Earthy
514,Pungent,Earthy,Diesel
515,Diesel,Earthy,Pungent
516,Diesel,Earthy,Pungent
517,Citrus,Diesel,Lemon
518,Earthy,Pungent,Woody
520,Citrus,Lime,Lemon
521,Berry,Sweet,Tree Fruit
522,Sweet,Berry,Earthy
523,Citrus,Flowery,Violet
524,Berry,Sweet,Earthy
525,Pungent,Sweet,Citrus
526,Berry,Sweet,Diesel
527,Berry,Sweet,Pungent
528,Berry,Butter,Grape
529,Berry,Sweet,Earthy
530,Berry,Earthy,Pungent
531,Berry,Sweet,Citrus
532,Berry,Earthy,Diesel
533,Sweet,Berry,Earthy
534,Berry,Earthy,Sweet
535,Butter,Flowery,Spicy/Herbal
536,Sweet,Diesel,Pungent
537,Sweet,Berry,Skunk
538,Earthy,Berry,Pungent
539,Cheese,Diesel,Pungent
540,Earthy,Cheese,Sweet
541,Sweet,Orange,Citrus
542,Sweet,Earthy,Spicy/Herbal
544,Earthy,Sweet,Woody
545,Diesel,Nutty,Pine
546,Earthy,Vanilla,
547,Cheese,Earthy,Sweet
548,Berry,Sweet,Earthy
549,Earthy,Coffee,Tea
551,Sweet,Earthy,Pungent
552,Spicy/Herbal,Earthy,Woody
553,Honey,Nutty,Apricot
555,Coffee,Earthy,Sweet
556,Earthy,Pungent,Pine
557,Earthy,Honey,Flowery
558,Skunk,Woody,Pungent
559,Diesel,Pungent,Earthy
560,Ammonia,Butter,Cheese
561,Diesel,Earthy,Pungent
562,Earthy,Vanilla,Nutty
563,Earthy,Woody,Spicy/Herbal
564,Sweet,Citrus,Pungent
565,Sweet,Berry,Tropical
566,Earthy,Pungent,Berry
567,Citrus,Earthy,Sweet
568,Diesel,Menthol,Pungent
569,Citrus,Grapefruit,Orange
570,Citrus,Lemon,Sweet
571,Citrus,Orange,Mango
572,Citrus,Orange,Pungent
573,Citrus,Orange,Lemon
574,Citrus,Orange,Sweet
575,Citrus,Earthy,Flowery
576,Citrus,Lemon,Orange
577,Flowery,Pine,Rose
578,Diesel,Earthy,Flowery
579,Sweet,,
580,Earthy,Woody,Pine
581,Earthy,Pungent,Citrus
582,Citrus,Lime,Minty
583,Mango,Pineapple,Nutty
584,Skunk,Sweet,Citrus
585,Citrus,Lemon,Orange
586,Diesel,Earthy,Pungent
587,Grape,Sweet,
588,Cheese,Pine,Nutty
590,Earthy,Pine,Sweet
591,Sweet,Earthy,Pungent
592,Earthy,Sweet,Minty
593,Earthy,Sweet,Pungent
594,Pungent,Earthy,Flowery
595,Flowery,Sweet,Earthy
596,Sweet,Earthy,Woody
597,Sweet,Pungent,Earthy
598,Sweet,Vanilla,Nutty
599,Sweet,Tree Fruit,Blueberry
600,Earthy,Pine,Pungent
601,Skunk,Earthy,Spicy/Herbal
602,Lemon,Citrus,Earthy
603,Sweet,Earthy,Minty
604,Sweet,Flowery,Berry
605,Sweet,Earthy,Berry
606,Sweet,Earthy,Woody
607,Citrus,Pine,Pungent
608,Sweet,Vanilla,Butter
609,Sweet,Earthy,Honey
610,Blueberry,Pine,Pungent
611,Honey,Skunk,Pungent
612,Tobacco,Cheese,Pepper
613,Cheese,Pungent,Earthy
614,Citrus,Spicy/Herbal,Earthy
615,Earthy,Pungent,Flowery
616,Citrus,Lemon,Pine
617,Pine,Sweet,Earthy
618,Earthy,Pungent,Woody
619,Earthy,Sweet,Pungent
620,Pungent,Woody,Pine
621,Skunk,Lemon,Pungent
622,Sweet,Tree Fruit,Citrus
624,Citrus,Sweet,Pungent
625,Earthy,Lemon,Pungent
627,Blueberry,Pine,Earthy
628,Pine,Earthy,Spicy/Herbal
629,Diesel,Chemical,Pepper
630,Sweet,Pungent,Flowery
631,Berry,Sweet,Lemon
632,Sweet,Cheese,Lemon
633,Earthy,Citrus,Sweet
634,Earthy,Diesel,Skunk
635,Sweet,Berry,Blueberry
636,Citrus,Flowery,Sweet
638,Blueberry,Sweet,Berry
639,Sweet,Lavender,Pungent
640,Cheese,Sweet,Berry
641,Coffee,Berry,Earthy
642,Earthy,Sweet,Citrus
643,Pepper,Spicy/Herbal,Earthy
644,Flowery,Pungent,Citrus
645,Earthy,Sweet,Spicy/Herbal
646,Tropical,Pine,Earthy
647,Berry,Blue Cheese,Diesel
648,Honey,Pungent,Skunk
649,Sweet,Berry,Earthy
650,Earthy,Berry,Spicy/Herbal
651,Earthy,Woody,Pine
652,Earthy,Sweet,Lemon
653,Grape,Earthy,Pungent
654,Skunk,Earthy,Sweet
655,Chemical,Pepper,Pungent
656,Butter,Citrus,Earthy
657,Earthy,Pungent,Diesel
658,Berry,Earthy,Lavender
659,Pungent,Earthy,Sweet
660,Earthy,Diesel,Pungent
661,Earthy,Sweet,Pungent
662,Cheese,Pungent,Skunk
663,Earthy,Plum,Ammonia
664,Grape,Earthy,Ammonia
665,Sweet,Pungent,Diesel
666,Citrus,Lemon,Mango
667,Sweet,Earthy,Pine
668,Earthy,,
669,Lavender,Flowery,Sweet
670,Pepper,Woody,Spicy/Herbal
671,Nutty,Pepper,Pine
672,Earthy,Spicy/Herbal,Pungent
673,Pine,Woody,Sweet
675,Earthy,Spicy/Herbal,Pungent
676,Flowery,Honey,Skunk
677,Diesel,Earthy,Woody
678,Earthy,Skunk,Pungent
679,Diesel,Pungent,Tropical
680,Sweet,Flowery,Pine
682,Sweet,Earthy,Pungent
683,Blueberry,Pungent,Berry
684,Earthy,Woody,Berry
685,Earthy,Sweet,Pungent
687,Earthy,Sweet,Pungent
688,Citrus,Flowery,Strawberry
689,Earthy,Pungent,Berry
690,Earthy,Pungent,Diesel
691,Flowery,Pungent,Sweet
693,Citrus,Pungent,Tropical
694,Earthy,Woody,Pungent
695,Pungent,Skunk,Sweet
696,Blueberry,Earthy,Pine
697,Citrus,Lemon,Lime
698,Pine,Pungent,Earthy
699,Cheese,Earthy,Minty
700,Earthy,,
701,Diesel,Lime,Citrus
702,Berry,Sweet,Flowery
703,Tar,Earthy,Sweet
705,Earthy,Skunk,Woody
706,Earthy,Grape,Pungent
707,Citrus,Orange,Sweet
710,Earthy,Woody,Nutty
711,Earthy,Lemon,Citrus
712,Spicy/Herbal,Citrus,Lemon
713,Earthy,Citrus,Sweet
714,Berry,Lemon,Spicy/Herbal
715,Skunk,Earthy,Spicy/Herbal
716,Earthy,Diesel,Pine
717,Pineapple,Woody,Earthy
718,Berry,Sweet,Grapefruit
719,Spicy/Herbal,Woody,Apple
720,Earthy,Berry,
721,Sweet,Flowery,Earthy
722,Earthy,Pungent,Sage
723,Earthy,Skunk,Sweet
724,Earthy,Pungent,Sweet
725,Sweet,Pungent,Flowery
726,Berry,Blueberry,Pine
727,Cheese,Blue Cheese,Earthy
728,Sweet,Earthy,Minty
729,Earthy,Sweet,Pine
730,Earthy,Minty,Pungent
731,Citrus,Pine,
732,Citrus,Sweet,Flowery
733,Citrus,Sweet,Tropical
734,Citrus,Earthy,
735,Skunk,Spicy/Herbal,Tropical
736,Sweet,Pine,Woody
737,Earthy,Citrus,Lemon
738,Earthy,Sweet,Pine
739,Sweet,Earthy,Citrus
740,Berry,Sweet,Earthy
741,Citrus,Grapefruit,Earthy
742,Earthy,Sweet,Pine
743,Pepper,Ammonia,Chemical
744,Sweet,Ammonia,
745,Skunk,Flowery,Pungent
746,Earthy,Spicy/Herbal,Woody
747,Earthy,Skunk,Woody
748,Earthy,,
749,Diesel,Chemical,Earthy
750,Diesel,Citrus,Pungent
751,Earthy,Pine,Woody
752,Lemon,Skunk,
753,Earthy,Lemon,Spicy/Herbal
754,Sweet,Pine,Citrus
755,Citrus,Chemical,Earthy
756,Earthy,Pine,Citrus
757,Sweet,Berry,Lime
758,Earthy,Flowery,Citrus
759,Earthy,Pungent,Pine
760,Earthy,Woody,Pungent
761,Earthy,Pine,Pungent
762,Woody,Pungent,Earthy
763,Earthy,Pine,
764,Berry,Diesel,Grape
765,Lemon,Citrus,Lime
766,Earthy,Sweet,Tropical
767,Citrus,Pine,Pungent
768,Sweet,Citrus,Skunk
769,Earthy,Skunk,Pungent
770,Earthy,Woody,Lemon
771,Sweet,Citrus,Diesel
772,Berry,Butter,Sweet
773,Flowery,Spicy/Herbal,Sweet
774,Citrus,Pungent,Earthy
775,Earthy,Citrus,Flowery
776,Berry,Blueberry,Blue Cheese
778,Woody,Skunk,Earthy
779,Earthy,Sweet,Butter
780,Sweet,Citrus,Butter
781,Earthy,Skunk,Flowery
782,Earthy,Woody,Citrus
783,Cheese,Earthy,Pungent
784,Blueberry,Earthy,Skunk
785,Earthy,Lime,Pine
786,Diesel,Pine,
787,Pine,Citrus,Pungent
789,Citrus,Pungent,Skunk
790,Diesel,Earthy,Skunk
791,Citrus,Pungent,
792,Berry,Grape,Blueberry
793,Berry,Strawberry,Sweet
795,Earthy,Woody,Pungent
796,Sweet,Berry,Earthy
797,Lemon,Earthy,Citrus
798,Pine,Earthy,Woody
799,Spicy/Herbal,Earthy,Pungent
800,Earthy,Pine,Sweet
802,Flowery,Berry,Sweet
803,Citrus,Earthy,Lemon
804,Pungent,Sweet,Citrus
805,Diesel,Citrus,Lemon
806,Honey,Diesel,Citrus
807,Earthy,Diesel,Pungent
808,Diesel,Earthy,Flowery
810,Earthy,Chemical,Pine
811,Earthy,Skunk,Citrus
812,Chestnut,Earthy,Pine
813,Sweet,Orange,Pine
814,Lemon,Citrus,Sweet
815,Woody,Pine,Earthy
816,Pine,Spicy/Herbal,Berry
817,Earthy,Skunk,Berry
818,Lime,Citrus,Vanilla
819,Sweet,Berry,Flowery
820,Sweet,Berry,Flowery
821,Sweet,Berry,Tropical
822,Blueberry,Spicy/Herbal,Earthy
823,Citrus,Grapefruit,Sweet
824,Sweet,Berry,Tropical
825,Blueberry,Sweet,
826,Blueberry,Sweet,Berry
827,Earthy,Skunk,Pine
828,Spicy/Herbal,Ammonia,Citrus
829,Earthy,Sweet,Flowery
830,Earthy,Berry,Sweet
831,Pine,Earthy,Ammonia
832,Sweet,Citrus,Tropical
833,Tropical,Orange,Skunk
834,Earthy,Pine,Woody
836,Earthy,Pungent,Skunk
839,Earthy,Lemon,Sage
840,Earthy,Sweet,Pungent
841,Sweet,Diesel,Skunk
842,Sweet,Earthy,Pine
843,Earthy,Flowery,Lime
844,Citrus,Lime,Lemon
845,Lemon,Citrus,Earthy
846,Blueberry,,
847,Sweet,Citrus,Grapefruit
848,Earthy,Spicy/Herbal,Grape
849,Pine,Sweet,Pungent
850,Flowery,Sweet,Berry
851,Pungent,Skunk,Tar
852,Earthy,Sweet,Vanilla
853,Sweet,Pungent,Berry
854,Tea,Citrus,Grapefruit
855,Flowery,Sweet,Pine
856,Pungent,Flowery,Earthy
857,Citrus,Earthy,Pine
858,Earthy,Pine,Pungent
859,Earthy,Pungent,Skunk
860,Citrus,Earthy,Sweet
861,Pine,Tree Fruit,Tropical
862,Apricot,Berry,Diesel
863,Sweet,Earthy,Pungent
864,Flowery,Pungent,Spicy/Herbal
865,Apple,Minty,Plum
866,Pineapple,Sweet,Pungent
867,Citrus,Diesel,Lime
868,Earthy,Tea,Woody
869,Berry,Grape,Lavender
870,Berry,Skunk,Sweet
871,Earthy,Pungent,Sweet
872,Grape,Earthy,Sweet
873,Earthy,Skunk,Pungent
874,Berry,Blueberry,Sweet
875,Earthy,Woody,Pine
876,Berry,Grape,Spicy/Herbal
877,Earthy,Berry,Diesel
878,Earthy,Sweet,Citrus
879,Earthy,Woody,Pungent
880,Blueberry,Diesel,Earthy
881,Earthy,Pungent,Citrus
882,Diesel,,
883,Berry,Sweet,Earthy
884,Earthy,Citrus,Lime
885,Earthy,Mint,Tea
886,Pepper,Citrus,Lemon
887,Earthy,Sweet,Citrus
888,Lemon,Citrus,Flowery
889,Skunk,Lime,Sweet
890,Pungent,Sweet,Citrus
891,Pineapple,Citrus,Tropical
892,Citrus,Earthy,Sweet
894,Sweet,Berry,Blueberry
895,Berry,Sweet,Flowery
896,Earthy,Spicy/Herbal,Citrus
897,Coffee,Woody,Pine
898,Pungent,Sweet,Skunk
899,Earthy,Pine,Woody
900,Earthy,Pungent,Pine
901,Earthy,Diesel,Pungent
902,Sweet,,
903,Flowery,Lemon,Sweet
904,Grape,Sweet,Earthy
905,Grape,Earthy,Diesel
906,Honey,Earthy,Citrus
907,Berry,Grape,Sweet
908,Butter,Earthy,Pungent
909,Berry,Grape,Spicy/Herbal
910,Earthy,Apricot,Diesel
911,Grape,Sweet,Berry
912,Grape,Sweet,Earthy
913,Grape,Berry,Sweet
914,Grape,Sweet,Lime
915,Grape,Flowery,Sweet
916,Grape,Sweet,Earthy
917,Grape,Berry,Lavender
918,Grape,Sweet,Berry
919,Grape,Sweet,Earthy
920,Grape,Cheese,Lemon
921,Skunk,Earthy,Sweet
922,Grape,Diesel,Sweet
923,Berry,Grape,Earthy
924,Grapefruit,Citrus,Sweet
925,Grapefruit,Diesel,Citrus
926,Grapefruit,Citrus,Lemon
927,Grapefruit,Earthy,Citrus
928,Sweet,Rose,Violet
929,Pungent,Diesel,Sweet
930,Earthy,Citrus,Sweet
931,Sweet,Cheese,Honey
932,Sweet,Pine,Earthy
933,Cheese,Earthy,Skunk
934,Citrus,Earthy,Sweet
935,Sweet,Flowery,Earthy
936,Citrus,Spicy/Herbal,Woody
937,Sweet,Pungent,Earthy
938,Citrus,Flowery,Earthy
939,Pine,Diesel,Citrus
940,Citrus,Sweet,Pungent
941,Spicy/Herbal,Woody,Flowery
942,Sweet,Earthy,Tea
943,Citrus,Earthy,Pine
944,Citrus,Earthy,Pungent
945,Earthy,Pine,Woody
946,Citrus,Earthy,Woody
947,Sweet,Earthy,Pungent
948,Sweet,Lemon,Citrus
949,Woody,Earthy,Sweet
950,Earthy,Sweet,Citrus
951,Sweet,Woody,Earthy
952,Sweet,Chestnut,Pine
953,Cheese,Earthy,Flowery
954,Earthy,Pungent,Sweet
957,Diesel,Earthy,Sweet
958,Tropical,Chemical,Sweet
959,Sweet,Tree Fruit,Tropical
960,Pine,Lemon,Sweet
962,Earthy,Sweet,Pungent
963,Sweet,Berry,Flowery
964,Earthy,Citrus,Lemon
965,Sweet,Earthy,Woody
966,Grape,Citrus,Sweet
967,Berry,,
968,Earthy,Minty,Woody
969,Earthy,Pine,Pungent
971,Sweet,Pungent,Honey
972,Citrus,Earthy,Flowery
973,Sweet,Flowery,Citrus
974,Earthy,Pine,Blueberry
975,Earthy,Sweet,Woody
976,Earthy,Sweet,Woody
977,Nutty,Pungent,Spicy/Herbal
978,Sweet,,
979,Sweet,Tropical,Earthy
980,Citrus,Lemon,Earthy
981,Citrus,Earthy,Lime
982,Earthy,Woody,Spicy/Herbal
983,Earthy,Sweet,Skunk
984,Berry,Sweet,Mint
985,Earthy,Flowery,Pine
986,Sweet,Tropical,Citrus
987,Sweet,Citrus,Pineapple
988,Pungent,Sweet,Flowery
989,Tropical,Sweet,Citrus
990,Tropical,Pineapple,Sweet
991,Tropical,Sweet,Butter
992,Flowery,Pineapple,Earthy
994,Citrus,Tropical,Sweet
995,Tropical,Sweet,Earthy
996,Citrus,Sweet,Tropical
997,Sweet,Earthy,Woody
998,Tropical,Sweet,Flowery
999,Citrus,Lemon,Flowery
1000,Sweet,Berry,Pungent
1001,Flowery,Pineapple,Sweet
1002,Earthy,Sweet,Woody
1003,Sweet,Blueberry,Berry
1004,Pungent,Spicy/Herbal,Blueberry
1006,Skunk,Sweet,Cheese
1007,Cheese,Pungent,Earthy
1008,Earthy,Spicy/Herbal,Coffee
1009,Earthy,Pungent,Diesel
1010,Diesel,Skunk,Sweet
1011,Flowery,Minty,Pungent
1012,Sweet,Flowery,Berry
1013,Strawberry,Sweet,Grape
1014,Citrus,Pine,Spicy/Herbal
1015,Earthy,Pine,Sweet
1016,Earthy,Citrus,Pungent
1017,Earthy,Sweet,Citrus
1018,Woody,Pungent,Sweet
1019,Earthy,Sweet,Citrus
1020,Earthy,Spicy/Herbal,Woody
1021,Flowery,Lavender,Earthy
1022,Grape,Flowery,Tree Fruit
1023,Flowery,Earthy,Sweet
1024,Berry,Blueberry,Flowery
1025,Menthol,Spicy/Herbal,Pine
1026,Earthy,Sweet,Woody
1027,Skunk,Earthy,Woody
1028,Sweet,Tree Fruit,Pepper
1029,Pine,Earthy,Woody
1030,Spicy/Herbal,Vanilla,Woody
1031,Earthy,Strawberry,Berry
1032,Earthy,Woody,Flowery
1033,Pungent,Pine,Earthy
1034,Earthy,Diesel,Menthol
1035,Diesel,Citrus,Earthy
1036,Earthy,Sweet,Pungent
1037,Honey,Sweet,Tropical
1038,Sweet,Honey,Berry
1040,Earthy,Diesel,Grapefruit
1041,Sweet,Earthy,Flowery
1042,Berry,Sweet,Flowery
1043,Blueberry,Chemical,Skunk
1044,Berry,Earthy,Flowery
1045,Woody,Earthy,Pine
1046,Berry,Earthy,Sweet
1047,Grape,Sweet,Berry
1048,Sweet,Earthy,Berry
1049,Pine,Spicy/Herbal,Sweet
1050,Earthy,Woody,Sweet
1051,Grapefruit,Citrus,Sweet
1053,Sweet,Earthy,Orange
1054,Diesel,Flowery,Sweet
1055,Sweet,Vanilla,Berry
1056,Tropical,,
1057,Earthy,Sweet,Flowery
1058,Ammonia,Earthy,Pungent
1059,Earthy,Butter,Pine
1060,Earthy,Pine,Pungent
1061,Earthy,Sweet,Citrus
1062,Pine,Pineapple,Tropical
1063,Earthy,Citrus,Pungent
1064,Sweet,Earthy,Pine
1065,Citrus,Honey,Tobacco
1066,Sweet,Cheese,Skunk
1068,Earthy,Sweet,Pungent
1070,Diesel,Earthy,Lemon
1071,Sweet,Berry,Blueberry
1072,Mango,Tropical,Ammonia
1073,Sweet,Tropical,Skunk
1074,Earthy,Pepper,Skunk
1075,Diesel,Earthy,Woody
1076,Sweet,Earthy,Skunk
1078,Earthy,Spicy/Herbal,Woody
1079,Butter,Flowery,Rose
1080,Diesel,Earthy,Flowery
1081,Citrus,Sweet,Earthy
1082,Citrus,Earthy,Sweet
1083,Earthy,Spicy/Herbal,Woody
1084,Earthy,Pine,Woody
1085,Citrus,Sweet,Pungent
1086,Diesel,Citrus,Pungent
1087,Blueberry,Earthy,Spicy/Herbal
1088,Sweet,Earthy,Mango
1089,Citrus,Pungent,Blue Cheese
1090,Lemon,Citrus,Pine
1091,Citrus,Lemon,Chemical
1092,Grape,Berry,Blueberry
1093,Earthy,Citrus,Flowery
1094,Berry,Citrus,Lemon
1095,Flowery,Grapefruit,Citrus
1096,Citrus,Earthy,Sweet
1097,Sweet,Tropical,Earthy
1098,Earthy,Tropical,Skunk
1099,Woody,Earthy,Sweet
1100,Earthy,Nutty,Lime
1101,Earthy,Pungent,Woody
1102,Earthy,Berry,Pine
1103,Apricot,Berry,Citrus
1104,Sweet,Lavender,Rose
1105,Lemon,Minty,Lime
1106,Citrus,Pepper,Sweet
1107,Citrus,Pine,Lemon
1108,Earthy,Pungent,Pine
1109,Pungent,Sweet,
1110,Sweet,Berry,Tree Fruit
1111,Citrus,Sweet,Earthy
1112,Berry,Coffee,Sweet
1113,Citrus,Earthy,Lavender
1114,Earthy,Lemon,Citrus
1115,Diesel,Earthy,Pungent
1117,Citrus,Sweet,Orange
1118,Citrus,Earthy,Sweet
1119,Berry,Earthy,Sweet
1120,Flowery,Skunk,Pungent
1121,Sweet,Pungent,Flowery
1122,Berry,Blueberry,Blue Cheese
1123,Earthy,Pungent,Sweet
1124,Sweet,Tropical,Citrus
1125,Sweet,Earthy,Citrus
1126,Spicy/Herbal,Pine,Earthy
1127,Sweet,Flowery,Tropical
1128,Flowery,Citrus,Woody
1129,Pungent,Sweet,Flowery
1130,Earthy,Citrus,Tree Fruit
1131,Ammonia,Pepper,Pine
1132,Earthy,Citrus,Sweet
1133,Lemon,Citrus,Sweet
1134,Blueberry,Grape,Lavender
1135,Woody,Citrus,Sweet
1136,Pine,Earthy,Lemon
1137,Orange,Pineapple,Pungent
1138,Spicy/Herbal,Earthy,Flowery
1139,Earthy,Mango,Pineapple
1140,Sweet,Flowery,Earthy
1142,Sweet,Vanilla,
1143,Earthy,Mango,Minty
1144,Citrus,Earthy,Lemon
1145,Earthy,Citrus,Sweet
1146,Earthy,Apricot,Honey
1147,Sweet,Citrus,Lemon
1148,Ammonia,Blueberry,Earthy
1149,Coffee,Earthy,Tea
1150,Pungent,Grape,Plum
1151,Earthy,Sweet,Berry
1152,Orange,Tree Fruit,Sweet
1153,Earthy,Pepper,Coffee
1154,Berry,Blueberry,Earthy
1155,Mango,Sweet,Orange
1156,Lime,Sweet,Citrus
1157,Lemon,Pungent,Citrus
1159,Pungent,Sweet,Woody
1160,Earthy,Pine,Skunk
1161,Earthy,Spicy/Herbal,Pepper
1162,Pine,Diesel,Earthy
1163,Sweet,Tropical,Grape
1164,Citrus,Lemon,Orange
1165,Lemon,Earthy,Pungent
1166,Earthy,Pine,Sweet
1167,Sweet,Vanilla,Citrus
1168,Pungent,Earthy,Flowery
1169,Pine,Earthy,Woody
1170,Earthy,Lemon,Citrus
1171,Earthy,Sweet,Grape
1173,Spicy/Herbal,Woody,Citrus
1174,Earthy,Pungent,Spicy/Herbal
1175,Tropical,Pineapple,Honey
1176,Citrus,Earthy,Flowery
1177,Berry,Grape,Sage
1178,Earthy,Pungent,Pine
1179,Citrus,Orange,Pungent
1181,Butter,Flowery,Tea
1182,Lavender,Pungent,
1183,Earthy,Sweet,Pungent
1184,Orange,Pungent,Sweet
1185,Lemon,Earthy,Sweet
1186,Earthy,Grape,Flowery
1187,Woody,Diesel,Pine
1189,Pine,Earthy,Berry
1190,Earthy,Tea,Honey
1191,Pine,Pungent,Nutty
1192,Berry,Sweet,Earthy
1193,Spicy/Herbal,Sweet,Earthy
1195,Earthy,Lemon,Citrus
1196,Earthy,Coffee,Sweet
1197,Earthy,Pine,Sweet
1198,Apple,Berry,Apricot
1199,Coffee,Earthy,Berry
1200,Berry,Blueberry,Menthol
1201,Flowery,Berry,Apple
1202,Citrus,Chemical,Lemon
1203,Earthy,Pine,Pungent
1204,Diesel,Pepper,Pungent
1205,Earthy,Sweet,Citrus
1206,Sweet,Earthy,Flowery
1208,Sweet,,
1209,Pepper,Ammonia,Earthy
1210,Diesel,Pine,Sweet
1211,Earthy,Pungent,Woody
1212,Pine,Citrus,Earthy
1213,Diesel,Pine,Lemon
1214,Sweet,Honey,Earthy
1215,Lemon,Citrus,Earthy
1217,Earthy,Pungent,Skunk
1218,Earthy,Citrus,Pineapple
1219,Lavender,Flowery,Sweet
1220,Lavender,Flowery,Skunk
1221,Lavender,Flowery,Earthy
1223,Cheese,Pine,Skunk
1225,Pungent,Coffee,Earthy
1226,Pungent,Chemical,Sweet
1227,Earthy,Pine,Chemical
1228,Apricot,Chemical,Pungent
1230,Citrus,Lemon,Sweet
1231,Lemon,Lime,Spicy/Herbal
1232,Lemon,Earthy,Pungent
1233,Cheese,Lemon,Spicy/Herbal
1234,Lemon,Citrus,Diesel
1235,Lemon,Diesel,Citrus
1236,Lemon,Citrus,Sweet
1237,Citrus,Earthy,Lemon
1238,Lemon,Citrus,Earthy
1239,Lemon,Citrus,Sweet
1240,Lemon,Citrus,Earthy
1242,Lemon,Citrus,Sweet
1243,Citrus,Lavender,Lemon
1244,Lemon,Diesel,Sweet
1245,Lemon,Citrus,Sweet
1246,Lemon,Citrus,Earthy
1247,Lemon,Citrus,Earthy
1248,Citrus,Lemon,Diesel
1249,Lemon,Citrus,Earthy
1250,Lemon,Skunk,Citrus
1251,Lemon,Sweet,Minty
1252,Citrus,Lemon,Pungent
1253,Earthy,Lemon,Citrus
1254,Lemon,Blueberry,Citrus
1255,Citrus,Lemon,Earthy
1256,Lemon,Pine,Citrus
1257,Grape,Lavender,Violet
1258,Flowery,Grape,Sweet
1259,Earthy,Citrus,Lime
1260,Sweet,Berry,Honey
1261,Earthy,Spicy/Herbal,Pungent
1262,Lime,Diesel,Pungent
1263,Lime,Citrus,Chemical
1264,Lime,Berry,Mint
1265,Lime,Citrus,Skunk
1266,Lemon,Citrus,Diesel
1267,Citrus,Menthol,Orange
1268,Butter,Earthy,Woody
1270,Citrus,Flowery,Mango
1271,Earthy,Pine,Sweet
1272,Earthy,Pungent,Sweet
1273,Flowery,Honey,Sweet
1274,Diesel,Chemical,Coffee
1275,Citrus,Lemon,Lime
1276,Citrus,Sweet,Lemon
1277,Earthy,Spicy/Herbal,Citrus
1278,Grape,Berry,Flowery
1279,Earthy,Sweet,Citrus
1280,Sweet,Honey,Flowery
1281,Pungent,Sweet,Citrus
1282,Pungent,Sweet,Ammonia
1284,Earthy,Lemon,Pungent
1285,Blueberry,Berry,Earthy
1286,Sweet,Blueberry,Berry
1287,Sweet,Berry,Earthy
1288,Earthy,Pine,Sweet
1289,Tar,Earthy,Woody
1290,Sweet,Earthy,Sage
1291,Earthy,Pine,Pungent
1292,Earthy,Citrus,Flowery
1293,Woody,Earthy,Pungent
1294,Earthy,Skunk,Sweet
1295,Earthy,Sweet,Ammonia
1296,Earthy,Coffee,Diesel
1299,Earthy,Lemon,Minty
1300,Earthy,Spicy/Herbal,Flowery
1301,Citrus,Pine,Earthy
1302,Orange,Tree Fruit,Citrus
1303,Earthy,Sweet,Berry
1304,Pine,Sage,Lemon
1305,Sweet,Earthy,Tobacco
1306,Earthy,Flowery,Sweet
1307,Honey,Earthy,Apricot
1308,Apple,Berry,Earthy
1309,Mango,Sweet,Lemon
1310,Tropical,Sweet,Citrus
1311,Mango,Tropical,Sweet
1312,Mango,Tropical,Sweet
1313,Mango,Tropical,Tree Fruit
1314,Mango,Pineapple,Sweet
1315,Spicy/Herbal,Earthy,Cheese
1316,Sweet,Butter,Vanilla
1317,Berry,Earthy,Sweet
1318,Minty,Berry,Grape
1319,Grapefruit,Honey,Sweet
1320,Berry,Sweet,Pungent
1321,Sweet,,
1322,Pungent,Earthy,Pine
1323,Sweet,Woody,Earthy
1324,Pungent,Flowery,Skunk
1325,Earthy,Sweet,Tropical
1326,Pungent,Pine,Earthy
1327,Earthy,Pungent,Spicy/Herbal
1328,Earthy,Skunk,Lemon
1329,Skunk,Earthy,Pungent
1330,Earthy,Sweet,Pungent
1331,Earthy,Pungent,Skunk
1332,Berry,Sweet,Blueberry
1335,Sweet,Citrus,Tropical
1336,Berry,Citrus,Pungent
1337,Sweet,Citrus,Pungent
1338,Citrus,Tropical,Skunk
1339,Diesel,Pungent,Tropical
1340,Mango,Diesel,Tropical
1341,Pineapple,Tropical,Earthy
1342,Tropical,Pineapple,Sweet
1343,Sweet,Spicy/Herbal,Citrus
1344,Pungent,Earthy,Nutty
1345,Flowery,Sweet,
1346,Pine,Earthy,Woody
1347,Sweet,Berry,Flowery
1348,Woody,Earthy,Pungent
1349,Earthy,Citrus,Diesel
1350,Earthy,Butter,Nutty
1351,Berry,Grape,Strawberry
1352,Skunk,Earthy,Spicy/Herbal
1354,Sweet,Lavender,Flowery
1355,Earthy,Woody,Citrus
1356,Earthy,Sweet,Pungent
1357,Grape,Berry,Sweet
1358,Pungent,Berry,Citrus
1359,Butter,Flowery,Earthy
1360,Earthy,Woody,Diesel
1361,Woody,Pine,Pungent
1362,Pine,Pear,Earthy
1363,Earthy,Sweet,Lemon
1364,Lemon,Earthy,Blueberry
1365,Grape,Honey,Lime
1366,Earthy,Pine,Lavender
1367,Sweet,Lavender,Flowery
1368,Blueberry,Earthy,Berry
1369,Earthy,Minty,
1370,Pine,,
1371,Sweet,Mango,Lemon
1372,Pine,Spicy/Herbal,
1373,Citrus,Earthy,Sweet
1374,Citrus,Earthy,Sweet
1375,Earthy,Pungent,Tropical
1376,Berry,Grape,Plum
1377,Earthy,Pungent,Berry
1378,Earthy,Spicy/Herbal,Skunk
1379,Pungent,Earthy,Pine
1380,Earthy,Sweet,Grape
1381,Spicy/Herbal,Woody,Earthy
1382,Earthy,Sweet,Berry
1383,Earthy,Blueberry,Citrus
1385,Earthy,Sweet,Citrus
1386,Earthy,Pine,Minty
1387,Sweet,Tropical,Citrus
1388,Orange,Berry,Blueberry
1389,Earthy,Lemon,Sweet
1390,Honey,Lemon,Pungent
1391,Pungent,Flowery,Sweet
1392,Berry,Tropical,Sweet
1393,Berry,Blueberry,Sweet
1394,Earthy,Vanilla,Sweet
1395,Lemon,Pine,Sweet
1396,Sweet,Earthy,Berry
1397,Earthy,Skunk,Sweet
1398,Earthy,Sweet,Pungent
1399,Citrus,Earthy,Flowery
1400,Sweet,Berry,Pineapple
1401,Ammonia,Citrus,Diesel
1402,Sweet,Citrus,Earthy
1403,Woody,Earthy,Pine
1406,Earthy,Sweet,Tropical
1407,Cheese,Earthy,Pine
1408,Diesel,Pineapple,Tropical
1409,Diesel,Pungent,Grapefruit
1410,Earthy,Citrus,Diesel
1411,Sweet,Earthy,Citrus
1412,Sweet,Earthy,Honey
1413,Earthy,Woody,Sweet
1414,Sweet,Earthy,Citrus
1415,Earthy,Grapefruit,Sweet
1417,Citrus,Pine,Honey
1418,Pungent,Earthy,Pine
1419,Pine,Sage,Earthy
1420,Sweet,Diesel,Earthy
1421,Berry,Earthy,Pungent
1422,Pungent,Berry,Pine
1423,Pungent,Earthy,Pine
1424,Earthy,Sweet,Diesel
1425,Earthy,Berry,Sweet
1426,Pungent,Chemical,Earthy
1427,Pungent,Citrus,Earthy
1428,Sweet,Pine,Berry
1429,Lemon,Sweet,Citrus
1430,Grape,Grapefruit,Sweet
1431,Sweet,Citrus,Pine
1432,Earthy,Spicy/Herbal,Woody
1433,Ammonia,Pine,Tar
1434,Earthy,Tropical,Woody
1435,Berry,Blueberry,Sweet
1437,Earthy,Pine,Sweet
1438,Pine,Pungent,Citrus
1439,Earthy,Spicy/Herbal,Pine
1440,Skunk,Earthy,Pungent
1441,Earthy,Sweet,Spicy/Herbal
1442,Berry,Earthy,Pine
1443,Earthy,Pungent,
1444,Earthy,Sweet,Spicy/Herbal
1445,Lemon,Pine,Chemical
1447,Citrus,Sweet,Earthy
1448,Tar,,
1449,Earthy,Diesel,Pine
1450,Cheese,Earthy,Sweet
1451,Diesel,Chemical,Pungent
1452,Skunk,Diesel,Pine
1453,Tropical,,
1455,Earthy,Pine,Woody
1456,Earthy,Pungent,Pepper
1457,Earthy,,
1458,Earthy,Pungent,Diesel
1459,Sweet,Pine,Citrus
1460,Earthy,Pungent,Pine
1461,Skunk,Woody,Citrus
1462,Strawberry,Sweet,Berry
1463,Earthy,Pungent,Woody
1464,Sweet,Skunk,Earthy
1465,Earthy,Pungent,Flowery
1466,Earthy,Pine,Diesel
1467,Sweet,Earthy,Pine
1468,Sweet,Skunk,Flowery
1469,Earthy,Skunk,Pungent
1470,Berry,Earthy,Blueberry
1471,Pine,Pungent,Tree Fruit
1473,Pungent,Skunk,Lemon
1474,Lime,Pine,Chemical
1475,Menthol,Sweet,Citrus
1476,Pine,Diesel,Earthy
1477,Earthy,Woody,Chestnut
1478,Earthy,Lavender,Pine
1479,Earthy,Nutty,Spicy/Herbal
1480,Lemon,Chemical,Earthy
1481,Flowery,Orange,Sweet
1482,Orange,Flowery,Sweet
1483,Orange,Pungent,Citrus
1484,Orange,Citrus,Sweet
1485,Orange,Sweet,Citrus
1486,Orange,Citrus,Sweet
1487,Earthy,Citrus,Orange
1488,Orange,Citrus,Vanilla
1489,Orange,Citrus,Sweet
1490,Orange,Citrus,Sweet
1491,Citrus,Flowery,Orange
1492,Citrus,Orange,Sweet
1493,Orange,Citrus,Sweet
1494,Citrus,Earthy,Orange
1495,Orange,Earthy,Skunk
1496,Orange,Citrus,Sweet
1497,Orange,Citrus,Sweet
1498,Orange,Citrus,Pine
1499,Diesel,Earthy,Woody
1500,Pineapple,Sweet,Cheese
1501,Grape,Earthy,Minty
1502,Diesel,Pungent,Tobacco
1503,Spicy/Herbal,Pepper,Sweet
1504,Earthy,Sweet,Pungent
1505,Sweet,Citrus,Earthy
1506,Earthy,Spicy/Herbal,Woody
1507,Earthy,Flowery,Spicy/Herbal
1508,Berry,Skunk,Sweet
1510,Earthy,Flowery,Blueberry
1511,Earthy,Mango,Pineapple
1512,Pine,Sweet,Woody
1513,Earthy,Sweet,Berry
1515,Earthy,Flowery,Lemon
1516,Earthy,Sweet,Tropical
1517,Berry,Earthy,Sweet
1518,Citrus,Flowery,Sweet
1519,Earthy,Sweet,Grape
1520,Earthy,Citrus,Sweet
1521,Lemon,Pine,Earthy
1522,Nutty,Pungent,Sweet
1524,Sweet,Peach,Citrus
1525,Sweet,Earthy,Citrus
1526,Diesel,Earthy,Pungent
1527,Earthy,Sweet,Woody
1528,Sweet,Mint,Pine
1529,Earthy,Pine,Pungent
1531,Berry,Citrus,Earthy
1532,Earthy,Citrus,Nutty
1534,Sweet,Woody,Pine
1535,Tree Fruit,Earthy,Flowery
1536,Sweet,Earthy,Berry
1537,Earthy,Spicy/Herbal,Pungent
1538,Sweet,Berry,
1539,Earthy,Tropical,Sweet
1540,Pine,Earthy,Woody
1542,Pine,Woody,Earthy
1543,Pineapple,Sweet,Tropical
1544,Pineapple,Sweet,Skunk
1545,Butter,Pineapple,Citrus
1546,Pungent,Pineapple,Diesel
1547,Pineapple,Earthy,Pungent
1548,Pineapple,Tropical,Sweet
1549,Sweet,Pineapple,Tropical
1550,Pineapple,Tropical,Citrus
1551,Pineapple,Sweet,Pine
1552,Pineapple,Sweet,Tropical
1553,Pineapple,Citrus,Pine
1554,Tropical,Sweet,Pineapple
1555,Skunk,Sweet,Earthy
1556,Earthy,Sweet,Pineapple
1557,Pineapple,Pungent,Skunk
1558,Citrus,Pineapple,Sweet
1559,Pineapple,Tropical,Citrus
1560,Pineapple,Earthy,Sweet
1561,Sweet,Butter,Flowery
1562,Earthy,Pungent,Skunk
1563,Berry,Sweet,Pungent
1564,Earthy,Sweet,Pungent
1565,Earthy,Berry,Diesel
1566,Sweet,Tropical,Honey
1567,Sweet,Flowery,Earthy
1568,Lemon,Citrus,Sweet
1569,Mango,Berry,Grapefruit
1570,Sweet,Pungent,Flowery
1571,Citrus,Earthy,Flowery
1572,Ammonia,Chemical,
1573,Flowery,Lavender,Rose
1575,Sweet,Pungent,Tropical
1576,Flowery,Earthy,Woody
1577,Sweet,Earthy,Pungent
1578,Spicy/Herbal,Chestnut,Earthy
1579,Earthy,Sweet,Pungent
1580,Earthy,Sweet,Pine
1581,Earthy,Sweet,Grape
1582,Earthy,Pine,Sweet
1583,Berry,Sweet,Flowery
1584,Blueberry,Flowery,Berry
1585,Citrus,Orange,Spicy/Herbal
1586,Butter,Cheese,Citrus
1587,Earthy,Pungent,Skunk
1588,Citrus,Grape,Lemon
1589,Sweet,Butter,Earthy
1590,Skunk,Earthy,Sweet
1591,Sweet,Flowery,Lime
1592,Earthy,Pungent,Woody
1593,Earthy,Coffee,Pine
1594,Earthy,Sweet,Berry
1595,Earthy,Pine,Woody
1596,Sweet,Citrus,Pungent
1597,Earthy,Sweet,
1598,Citrus,Pine,Pungent
1599,Berry,Sweet,Earthy
1600,Butter,Woody,Berry
1602,Tropical,Pungent,Skunk
1603,Pine,Skunk,Tropical
1604,Earthy,Woody,Sweet
1605,Earthy,Woody,Pungent
1606,Earthy,Skunk,Pungent
1607,Earthy,Pine,Flowery
1608,Citrus,Earthy,Pungent
1609,Pine,Pungent,Sweet
1610,Spicy/Herbal,Grape,Earthy
1611,Sweet,Earthy,Berry
1612,Earthy,Sweet,Citrus
1614,Berry,Blueberry,Sweet
1615,Berry,Grape,Earthy
1616,Sweet,Pine,Citrus
1617,Berry,Sweet,Grape
1618,Berry,Sweet,Flowery
1619,Sweet,Grape,Earthy
1620,Berry,Sweet,Grape
1621,Grape,Sweet,Pungent
1622,Cheese,Earthy,Grape
1623,Grape,Earthy,Sweet
1624,Earthy,Berry,Sweet
1625,Berry,Mango,Sweet
1626,Earthy,Pungent,Sweet
1627,Pine,Tropical,Rose
1628,Diesel,Sweet,Grape
1629,Grape,Pungent,Earthy
1630,Sweet,Flowery,Earthy
1631,Grape,Sweet,Berry
1632,Earthy,Sweet,Pungent
1633,Berry,Earthy,Sweet
1634,Flowery,Sweet,Lavender
1635,Sweet,Grape,Earthy
1636,Earthy,Sweet,Berry
1637,Sweet,Earthy,Berry
1638,Berry,Pungent,Earthy
1639,Earthy,Berry,Sweet
1640,Sweet,Earthy,Berry
1641,Pine,Sweet,Citrus
1642,Tropical,Citrus,Spicy/Herbal
1643,Earthy,Grape,Sweet
1645,Berry,Sweet,Grape
1646,Grape,Pine,Earthy
1647,Grape,Earthy,Sweet
1648,Earthy,Grape,Sweet
1649,Pungent,Grape,Berry
1650,Grape,Pungent,Sweet
1652,Grape,Berry,Pungent
1653,Earthy,Lavender,Honey
1654,Earthy,Spicy/Herbal,Flowery
1655,Grape,,
1657,Earthy,Lavender,Sweet
1658,Sweet,Earthy,Flowery
1659,Sweet,Grape,Berry
1660,Sweet,Berry,Pine
1661,Sage,Sweet,Earthy
1662,Earthy,Pungent,Skunk
1663,Diesel,Grape,Pungent
1664,Berry,Citrus,Pine
1665,Sweet,,
1666,Citrus,Orange,Sweet
1667,Berry,Diesel,Pungent
1668,Earthy,Citrus,Sweet
1670,Blueberry,Nutty,Tree Fruit
1671,Earthy,Grape,Berry
1672,Sweet,Berry,Grape
1673,Berry,Pungent,Flowery
1674,Earthy,Woody,Diesel
1675,Grape,Sweet,Earthy
1676,Tree Fruit,Apple,Apricot
1677,Citrus,Tropical,Chemical
1678,Earthy,Pungent,Diesel
1679,Earthy,Sweet,Pungent
1680,Pungent,Skunk,Citrus
1681,Citrus,,
1682,Berry,Sweet,Earthy
1683,Cheese,Earthy,Skunk
1684,Blueberry,Sweet,Pungent
1685,Flowery,Citrus,Pungent
1686,Earthy,Nutty,Butter
1688,Sweet,Tropical,Pineapple
1689,Citrus,Diesel,Grape
1690,Earthy,Berry,Pine
1691,Grape,Sweet,Berry
1692,Earthy,Lemon,Pungent
1693,Berry,Earthy,Sweet
1694,Berry,Sweet,Flowery
1695,Diesel,Earthy,Citrus
1696,Earthy,Sweet,Pungent
1697,Blueberry,Apple,Berry
1699,Flowery,Pungent,Citrus
1700,Sweet,Earthy,Woody
1701,Berry,Earthy,Pungent
1702,Sweet,Earthy,Spicy/Herbal
1703,Diesel,Earthy,Sweet
1704,Sweet,Woody,Earthy
1705,Skunk,Earthy,Flowery
1706,Earthy,Pungent,Citrus
1707,Earthy,Sweet,Woody
1708,Citrus,Spicy/Herbal,Sweet
1709,Sweet,Earthy,Woody
1710,Butter,Skunk,Tropical
1713,Woody,Pine,Sweet
1714,Citrus,Earthy,Woody
1715,Earthy,Citrus,Pine
1716,Rose,Pungent,Skunk
1717,Sweet,Lemon,Mango
1718,Earthy,Flowery,Pungent
1721,Earthy,Pine,Sweet
1722,Earthy,Flowery,Grape
1723,Sweet,Citrus,Lemon
1724,Skunk,Earthy,Pungent
1725,Blueberry,Earthy,Honey
1726,Skunk,Pungent,Blue Cheese
1727,Sweet,Lavender,Pungent
1728,Earthy,Pungent,Spicy/Herbal
1729,Pungent,Skunk,Spicy/Herbal
1730,Pine,Sweet,Berry
1732,Blueberry,Berry,Sweet
1733,Earthy,Skunk,Citrus
1734,Earthy,Sweet,Cheese
1735,Diesel,Pine,Pungent
1736,Earthy,Pine,Tree Fruit
1737,Earthy,Pine,Pungent
1738,Grapefruit,Lemon,Lime
1739,Pungent,Citrus,Skunk
1740,Sweet,Vanilla,Pungent
1741,Rose,Flowery,Sweet
1742,Citrus,Diesel,Chemical
1743,Skunk,Honey,Lemon
1744,Skunk,Citrus,Tropical
1745,Flowery,Woody,Coffee
1746,Earthy,Skunk,Pine
1747,Flowery,Earthy,Lavender
1748,Earthy,Woody,Pine
1749,Spicy/Herbal,Citrus,Sweet
1750,Diesel,Skunk,Ammonia
1751,Spicy/Herbal,Diesel,Menthol
1752,Pine,Earthy,Sage
1753,Pungent,Pine,Citrus
1754,Pine,Earthy,Pungent
1755,Lemon,Citrus,Diesel
1756,Sage,Diesel,Earthy
1757,Pungent,Earthy,Spicy/Herbal
1758,Earthy,Sweet,Woody
1759,Blueberry,Earthy,Lavender
1760,Berry,Blueberry,Sweet
1761,Grapefruit,Sweet,Berry
1762,Diesel,Coffee,Earthy
1763,Pungent,Berry,Minty
1764,Earthy,Pine,Chemical
1765,Earthy,Pungent,Sweet
1767,Chemical,Earthy,Flowery
1768,Lemon,Citrus,Pine
1769,Earthy,Pungent,Citrus
1770,Pine,Earthy,Sweet
1771,Sweet,Tropical,Flowery
1772,Flowery,Sweet,Berry
1773,Sweet,Pine,Citrus
1774,Lavender,,
1775,Diesel,Citrus,Sweet
1776,Citrus,Earthy,Pine
1777,Earthy,Sweet,Pungent
1778,Sweet,Earthy,Strawberry
1779,Citrus,Lemon,Tropical
1780,Flowery,Tropical,Skunk
1781,Sweet,Lemon,Earthy
1782,Earthy,Lemon,Pungent
1783,Earthy,Pungent,Skunk
1784,Pungent,Sweet,Tropical
1785,Woody,Pine,Spicy/Herbal
1786,Earthy,Sweet,Citrus
1787,Earthy,Spicy/Herbal,Pungent
1789,Pine,Earthy,Pungent
1790,Berry,Sweet,Earthy
1791,Berry,Citrus,Pine
1792,Skunk,Sweet,Earthy
1793,Skunk,Earthy,Pungent
1794,Earthy,Sweet,
1795,Citrus,Sweet,Butter
1796,Citrus,Earthy,Tropical
1797,Sweet,Citrus,Pungent
1799,Earthy,Sweet,Woody
1800,Citrus,Earthy,Pungent
1802,Citrus,Skunk,Pungent
1803,Sweet,Woody,Earthy
1804,Pine,Sweet,Pungent
1805,Pungent,Flowery,Sweet
1806,Sweet,Berry,Spicy/Herbal
1807,Citrus,Earthy,Flowery
1808,Grape,Pine,Nutty
1809,Earthy,Citrus,Skunk
1810,Minty,Mint,Sweet
1812,Grape,Berry,Sweet
1813,Skunk,Sweet,Citrus
1814,Lemon,Strawberry,Sweet
1815,Chemical,Earthy,Skunk
1816,Skunk,Diesel,Sweet
1817,Woody,Earthy,Spicy/Herbal
1818,Skunk,Earthy,Pungent
1819,Berry,Citrus,Sweet
1820,Earthy,Lemon,Pungent
1821,Skunk,Pine,Earthy
1822,Citrus,Earthy,Sweet
1823,Lemon,Diesel,Chemical
1824,Diesel,Earthy,Pungent
1825,Tropical,Sweet,Chemical
1826,Pine,Woody,Pungent
1827,Pungent,Berry,Blue Cheese
1828,Flowery,Sweet,Tree Fruit
1829,Earthy,Woody,Pine
1830,Orange,Pepper,Woody
1831,Citrus,Flowery,Pungent
1832,Strawberry,Sweet,Berry
1833,Strawberry,Earthy,Pine
1834,Strawberry,Sweet,Berry
1835,Strawberry,Sweet,Pungent
1836,Strawberry,Sweet,Berry
1837,Sweet,Strawberry,Flowery
1838,Strawberry,Sweet,Berry
1839,Strawberry,Diesel,Sweet
1840,Strawberry,Sweet,Berry
1841,Strawberry,Earthy,Diesel
1842,Strawberry,Berry,Sweet
1843,Strawberry,Sweet,Earthy
1844,Sweet,Strawberry,Berry
1845,Strawberry,Sweet,Berry
1846,Lemon,Strawberry,Sweet
1847,Mango,Strawberry,Sweet
1848,Strawberry,Sweet,Earthy
1849,Strawberry,Diesel,Spicy/Herbal
1850,Strawberry,Sweet,Earthy
1851,Earthy,Flowery,Spicy/Herbal
1852,Sweet,Rose,Earthy
1853,Sweet,Earthy,Pine
1854,Sweet,Earthy,Chemical
1855,Sweet,Citrus,Pungent
1857,Sweet,Berry,Lavender
1858,Skunk,Sweet,Pine
1859,Earthy,Pine,Sweet
1860,Citrus,Sweet,Violet
1861,Tea,Earthy,Flowery
1862,Citrus,,
1864,Citrus,Earthy,Sweet
1865,Citrus,Earthy,Sweet
1867,Citrus,Flowery,Sweet
1868,Sweet,Citrus,Earthy
1869,Citrus,Sweet,Tropical
1870,Citrus,Chemical,Tropical
1871,Blueberry,Skunk,Berry
1872,Apricot,Flowery,Spicy/Herbal
1873,Earthy,Pine,Minty
1874,Blueberry,Sweet,Earthy
1875,Citrus,Mint,Flowery
1876,Coffee,Lemon,
1877,Cheese,Blue Cheese,Earthy
1878,Earthy,Pine,Pungent
1879,Citrus,Pungent,Earthy
1880,Sweet,Earthy,Pungent
1881,Earthy,Pine,Pungent
1882,Lemon,Citrus,Sweet
1883,Lemon,Earthy,Citrus
1884,Citrus,Earthy,Sweet
1885,Flowery,Sweet,Pungent
1886,Skunk,Earthy,Sweet
1887,Citrus,Sweet,Earthy
1888,Diesel,Earthy,Sweet
1889,Pungent,Diesel,Pine
1890,Sweet,Honey,Tropical
1891,Pungent,Earthy,Spicy/Herbal
1892,Sweet,Honey,Berry
1893,Earthy,Woody,Spicy/Herbal
1894,Pungent,Pine,Earthy
1895,Earthy,Skunk,Nutty
1896,Pine,Pungent,Earthy
1897,Citrus,Earthy,Spicy/Herbal
1898,Pungent,Tropical,Sweet
1899,Flowery,Earthy,Citrus
1900,Pine,Minty,Earthy
1901,Earthy,Woody,Pine
1902,Citrus,Pine,Sweet
1903,Berry,Sweet,Blueberry
1904,Sweet,Berry,Pine
1905,Cheese,Sweet,Chemical
1906,Grapefruit,Citrus,Grape
1907,Woody,Sweet,Diesel
1908,Berry,Pungent,Earthy
1909,Sweet,Lemon,Pine
1910,Pear,Citrus,Diesel
1911,Rose,Citrus,Sweet
1912,Citrus,Flowery,Lime
1913,Chestnut,Citrus,Earthy
1914,Citrus,Flowery,Pungent
1915,Sweet,Berry,Blueberry
1917,Sweet,Berry,Earthy
1918,Earthy,Sweet,Woody
1919,Sweet,Citrus,Earthy
1920,Citrus,Diesel,Berry
1921,Pungent,Ammonia,Berry
1923,Citrus,Earthy,Orange
1924,Earthy,Citrus,Pine
1925,Earthy,Woody,Pungent
1926,Sweet,Earthy,Pine
1928,Citrus,Earthy,Flowery
1929,Pungent,Earthy,Pine
1930,Earthy,Pine,Pungent
1931,Citrus,Earthy,Woody
1932,Diesel,Pine,Skunk
1933,Citrus,Earthy,Sweet
1934,Lemon,Sweet,Citrus
1936,Orange,Citrus,Sweet
1937,Citrus,Orange,Sweet
1938,Citrus,Orange,Sweet
1939,Citrus,Orange,Sweet
1940,Orange,Citrus,Pungent
1941,Citrus,Orange,Sweet
1942,Citrus,Woody,Earthy
1943,Citrus,Orange,Sweet
1944,Citrus,Orange,Sweet
1945,Citrus,Orange,Pine
1946,Sweet,Citrus,Orange
1947,Mango,Tropical,Citrus
1949,Woody,Sweet,Berry
1950,Pine,Sweet,Earthy
1951,Pepper,Strawberry,Sweet
1952,Berry,Blueberry,Flowery
1953,Earthy,Pungent,Flowery
1954,Earthy,Honey,Pungent
1955,Pine,Pepper,Sweet
1956,Earthy,Spicy/Herbal,Pine
1957,Earthy,Sweet,Woody
1960,Earthy,Sweet,Woody
1961,Earthy,Lavender,Pungent
1962,Earthy,Pungent,Tropical
1963,Earthy,Sweet,Vanilla
1964,Pungent,Pine,Citrus
1965,Earthy,Citrus,Pungent
1966,Flowery,Berry,Sweet
1968,Grape,Skunk,Pungent
1969,Woody,Sweet,Earthy
1970,Berry,Coffee,Pungent
1971,Earthy,Pungent,Pine
1972,Apple,Spicy/Herbal,Sweet
1973,Earthy,Citrus,Lime
1974,Earthy,Woody,
1975,Sweet,Diesel,Skunk
1976,Citrus,Sweet,Orange
1977,Earthy,Berry,Woody
1978,Pungent,Cheese,Spicy/Herbal
1979,Earthy,Pine,Sweet
1980,Sweet,Tree Fruit,Plum
1981,Skunk,Citrus,Pungent
1982,Minty,Sweet,Mint
1983,Flowery,Tropical,Honey
1984,Pungent,Sweet,Citrus
1985,Earthy,Woody,
1986,Rose,Sweet,Earthy
1987,Sweet,Pine,Spicy/Herbal
1988,Apple,Berry,Apricot
1989,Sweet,Flowery,Pungent
1990,Honey,Earthy,Flowery
1991,Sweet,,
1992,Strawberry,Sweet,Diesel
1993,Cheese,Sage,Sweet
1994,Flowery,Pine,
1995,Pungent,Skunk,Spicy/Herbal
1996,Pine,Lemon,Sweet
1997,Earthy,Nutty,Spicy/Herbal
1999,Earthy,Spicy/Herbal,Pine
2000,Pine,Berry,Citrus
2001,Earthy,Pine,Pungent
2002,Earthy,Pine,Citrus
2003,Earthy,Pepper,Woody
2005,Earthy,Berry,Citrus
2006,Lemon,Lime,Earthy
2007,Earthy,Flowery,Lavender
2008,Earthy,Spicy/Herbal,Woody
2009,Citrus,Pungent,Sweet
2010,Earthy,Pine,Sweet
2011,Pungent,Earthy,Citrus
2012,Skunk,,
2013,Pungent,Earthy,Skunk
2014,Cheese,Pungent,Sweet
2015,Diesel,Sweet,Tropical
2016,Sweet,Berry,Grape
2017,Tropical,Grapefruit,Sweet
2018,Citrus,Apricot,Skunk
2019,Tropical,Orange,Citrus
2020,Earthy,Pungent,Pine
2022,Chestnut,Coffee,Sweet
2023,Spicy/Herbal,Citrus,Earthy
2024,Skunk,Pungent,Sweet
2025,Spicy/Herbal,Earthy,Flowery
2026,Skunk,Pungent,Sweet
2027,Sweet,Tropical,Berry
2028,Sweet,Citrus,Earthy
2029,Citrus,Orange,Lemon
2030,Earthy,Pungent,Berry
2031,Lavender,Sweet,Woody
2032,Cheese,Earthy,Pungent
2033,Earthy,Flowery,Butter
2034,Tropical,Sweet,Apple
2035,Ammonia,Butter,Earthy
2036,Blue Cheese,Pungent,Cheese
2037,Diesel,Lemon,Pine
2038,Flowery,Berry,Pungent
2039,Sweet,Grape,Pine
2040,Citrus,Berry,Sweet
2041,Earthy,Diesel,Skunk
2042,Earthy,Flowery,Sweet
2043,Pungent,Citrus,Skunk
2044,Sweet,Berry,Tropical
2045,Flowery,Earthy,Sweet
2046,Vanilla,Sweet,Lavender
2048,Sweet,Citrus,Flowery
2050,Pine,Pungent,Woody
2051,Earthy,Pungent,Pine
2052,Citrus,Berry,Pungent
2053,Pungent,Pine,Diesel
2054,Flowery,Citrus,Grapefruit
2055,Berry,Earthy,Grape
2057,Earthy,Woody,Spicy/Herbal
2058,Flowery,Violet,Sweet
2059,Citrus,Pungent,Minty
2060,Nutty,Spicy/Herbal,Citrus
2061,Earthy,Mango,Lemon
2062,Earthy,Berry,Pungent
2063,Pine,Berry,Citrus
2064,Lime,Earthy,Minty
2065,Earthy,Pungent,Skunk
2066,Earthy,Woody,Pine
2067,Earthy,Flowery,Butter
2069,Earthy,Citrus,Pungent
2070,Earthy,Flowery,Sweet
2071,Berry,Flowery,Pine
2072,Sweet,Berry,Tropical
2073,Citrus,Earthy,Skunk
2074,Sweet,Earthy,Pungent
2075,Diesel,Pine,Lemon
2076,Sweet,Tropical,Woody
2077,Woody,Butter,Citrus
2078,Spicy/Herbal,Woody,Lemon
2079,Sweet,Apple,Pear
2080,Pungent,Lemon,Earthy
2081,Blueberry,Sweet,Pine
2082,Sweet,Earthy,Berry
2083,Earthy,Sweet,Woody
2084,Sweet,Berry,Spicy/Herbal
2085,Berry,Earthy,Grape
2086,Cheese,Pungent,Earthy
2087,Sweet,Earthy,Pungent
2088,Spicy/Herbal,Minty,Earthy
2089,Diesel,Pungent,Citrus
2090,Earthy,Woody,Lemon
2091,Sweet,Citrus,Flowery
2092,Diesel,Skunk,Earthy
2093,Sweet,Pungent,Earthy
2094,Citrus,Earthy,Sweet
2095,Pungent,Sweet,Earthy
2096,Lemon,Sweet,Woody
2097,Pungent,Earthy,Sweet
2098,Earthy,Spicy/Herbal,Pungent
2099,Sweet,Pungent,Earthy
2100,Lemon,Berry,Skunk
2101,Earthy,Pungent,Sweet
2102,Berry,Pungent,Blueberry
2103,Earthy,Pungent,Sweet
2104,Lavender,Flowery,Pungent
2105,Sweet,Pungent,Flowery
2106,Citrus,Spicy/Herbal,Earthy
2107,Earthy,Citrus,Blueberry
2108,Earthy,Pine,Flowery
2109,Earthy,Sweet,Diesel
2110,Earthy,Pungent,Woody
2111,Earthy,Pungent,Pine
2112,Sweet,Skunk,Earthy
2114,Sweet,Earthy,Nutty
2115,Earthy,Sweet,Flowery
2116,Skunk,Citrus,Sweet
2117,Flowery,Spicy/Herbal,Sweet
2118,Citrus,Earthy,Minty
2119,Citrus,Sweet,
2120,Pungent,Spicy/Herbal,Woody
2121,Earthy,Sweet,Citrus
2123,Earthy,Woody,Pungent
2124,Sage,Flowery,Pungent
2125,Earthy,Pine,Citrus
2126,Earthy,Pungent,Citrus
2127,Berry,Sweet,Woody
2128,Earthy,Sweet,Pungent
2129,Sweet,Earthy,Mint
2130,Earthy,Sweet,Pine
2131,Cheese,Earthy,Honey
2132,Citrus,Sweet,Berry
2133,Pungent,Flowery,Tropical
2134,Citrus,Menthol,Woody
2135,Sweet,Grape,Strawberry
2136,Earthy,Sweet,Pine
2137,Berry,Earthy,Skunk
2138,Minty,,
2139,Earthy,Lime,Tropical
2141,Earthy,Citrus,Lavender
2142,Earthy,Pungent,Flowery
2143,Blue Cheese,Cheese,Pungent
2144,Citrus,Earthy,Pine
2145,Berry,Sweet,Blueberry
2146,Lemon,Woody,Sweet
2147,Pepper,Spicy/Herbal,Sweet
2148,Berry,Lemon,Citrus
2149,Earthy,Pungent,Woody
2150,Earthy,Pungent,Woody
2151,Earthy,Flowery,Chestnut
2152,Citrus,Diesel,Pine
2153,Sweet,Pungent,Earthy
2154,Sweet,Earthy,Pungent
2156,Earthy,Woody,Flowery
2157,Sage,Diesel,Sweet
2158,Earthy,Woody,Pine
2159,Sweet,Berry,Grape
2160,Earthy,Pungent,Sweet
2161,Berry,Earthy,Pungent
2162,Sweet,Tropical,Pineapple